1	GCF_002214785.1_ASM221478v1_genomic.fna.gz	NZ_CP017229.1:1443967-1444531	campylobacter	22
2	GCF_001763495.1_ASM176349v1_genomic.fna.gz	NZ_MJYV01000069.1:58128-58362	campylobacter	9278
3	GCF_001913015.1_ASM191301v1_genomic.fna.gz	NZ_MKEZ01000023.1:40568-40735	campylobacter	464
4	GCF_001407775.1_16_S15_genomic.fna.gz	NZ_CZIB01000028.1:92327-92824	campylobacter	443
5	GCF_002209025.1_ASM220902v1_genomic.fna.gz	NZ_CP022077.1:104056-104357	campylobacter	43
6	GCF_001292145.1_RC317_S37contigs.fa_genomic.fna.gz	NZ_CYRH01000003.1:12487-12654	campylobacter	814
7	GCF_001406935.1_27_S26_genomic.fna.gz	NZ_CZHI01000003.1:4525-4760	campylobacter	52
8	GCF_001878595.1_ASM187859v1_genomic.fna.gz	NZ_MOTZ01000005.1:80066-80300	campylobacter	8
9	GCF_001234085.1_7038_3_89_genomic.fna.gz	NZ_CUKY01000004.1:38091-38457	campylobacter	45
10	GCF_002111525.1_Cjejuni.CJ504CC21_v1.0_genomic.fna.gz	NZ_MLDW01000017.1:177632-178064	campylobacter	50
11	GCF_001856905.1_ASM185690v1_genomic.fna.gz	NZ_MKHU01000035.1:86822-87057	campylobacter	2921
12	GCF_001239685.1_7038_3_86_genomic.fna.gz	NZ_CUKV01000002.1:341405-341566	campylobacter	986
13	GCF_001406995.1_13_S12_genomic.fna.gz	NZ_CZHV01000032.1:15979-16215	campylobacter	904
14	GCF_001951255.1_ASM195125v1_genomic.fna.gz	NZ_CP007189.1:1442237-1442734	campylobacter	45
15	GCF_002178475.1_ASM217847v1_genomic.fna.gz	NZ_NFPH01000005.1:10821-11321	campylobacter	222
16	GCF_002178475.1_ASM217847v1_genomic.fna.gz	NZ_NFPH01000038.1:4867-5035	campylobacter	222
17	GCF_002179195.1_ASM217919v1_genomic.fna.gz	NZ_NFOB01000025.1:92276-92510	campylobacter	51
18	GCF_000304375.1_AINO_genomic.fna.gz	NC_018521.1:1455123-1455424	campylobacter	43
19	GCF_000830805.1_ASM83080v1_genomic.fna.gz	NZ_CP006686.1:1455122-1455423	campylobacter	43
19	GCF_001764995.1_ASM176499v1_genomic.fna.gz	NZ_MKBS01000010.1:38661-39094	campylobacter	354
20	GCF_003962075.1_ASM396207v1_genomic.fna.gz	NZ_PRBL01000018.1:22211-22763	campylobacter	7828
21	GCF_003962075.1_ASM396207v1_genomic.fna.gz	NZ_PRBL01000021.1:22634-22921	campylobacter	7828
22	GCF_001878455.1_ASM187845v1_genomic.fna.gz	NZ_MOVG01000007.1:45045-45279	campylobacter	922
23	GCF_001878185.1_ASM187818v1_genomic.fna.gz	NZ_MOVS01000006.1:81952-82186	campylobacter	922
23	GCF_002101355.1_ASM210135v1_genomic.fna.gz	NZ_CP020776.1:1227078-1227306	campylobacter	982
24	GCF_002101355.1_ASM210135v1_genomic.fna.gz	NZ_CP020776.1:1588266-1588500	campylobacter	982
24	GCF_001225165.1_7092_1_49_genomic.fna.gz	NZ_CUQP01000006.1:37546-37781	campylobacter	21
25	GCF_000686285.1_Assembly_1_genomic.fna.gz	NZ_KK365638.1:60916-61083	campylobacter	460
26	GCF_001234865.1_7038_3_19_genomic.fna.gz	NZ_CUHZ01000004.1:78525-78760	campylobacter	61
27	GCF_002806575.1_CFSAN065298_genomic.fna.gz	NZ_PIBF01000013.1:37025-37325	campylobacter	353
28	GCF_001407715.1_63_S61_genomic.fna.gz	NZ_CZJL01000019.1:35693-35860	campylobacter	61
29	GCF_002110615.1_Cjejuni.CJ070CC21_v1.0_genomic.fna.gz	NZ_MLDM01000006.1:188065-188628	campylobacter	21
30	GCF_002179395.1_ASM217939v1_genomic.fna.gz	NZ_NFPR01000095.1:12072-12504	campylobacter	929
31	GCF_002806225.1_CFSAN065326_genomic.fna.gz	NZ_PIAH01000004.1:36034-36400	campylobacter	403
32	GCF_003048165.1_ASM304816v1_genomic.fna.gz	NZ_NGUG01000007.1:70359-70725	campylobacter	660
33	GCF_000168115.1_ASM16811v1_genomic.fna.gz	NZ_AANJ01000002.1:164381-164745	campylobacter	883
34	GCF_001419295.1_Campylobacter_jejuni_CVM_41946_v1.0_genomic.fna.gz	NZ_JAJE01000047.1:12120-12947	campylobacter	5453
35	GCF_001877395.1_ASM187739v1_genomic.fna.gz	NZ_MOUO01000006.1:39313-39678	campylobacter	459
36	GCF_002895875.1_ASM289587v1_genomic.fna.gz	NZ_KZ624766.1:192700-193001	campylobacter	51
37	GCF_002806405.1_CFSAN065306_genomic.fna.gz	NZ_PIAY01000005.1:34659-34894	campylobacter	9083
38	GCF_002806465.1_CFSAN065301_genomic.fna.gz	NZ_PIBC01000014.1:80114-80350	campylobacter	607
39	GCF_001516405.1_ASM151640v1_genomic.fna.gz	NZ_KQ950161.1:187136-187372	campylobacter	5233
40	GCF_001763575.1_ASM176357v1_genomic.fna.gz	NZ_MJYZ01000019.1:175815-175978	campylobacter	929
41	GCF_003959935.1_ASM395993v1_genomic.fna.gz	NZ_PQYO01000002.1:35188-35422	campylobacter	1030
42	GCF_001412295.1_ASM141229v1_genomic.fna.gz	NZ_CP012149.1:1431620-1431854	campylobacter	137
43	GCF_001877985.1_ASM187798v1_genomic.fna.gz	NZ_MOWC01000006.1:24104-24338	campylobacter	922
44	GCF_000493495.1_TS_genomic.fna.gz	NC_022529.1:1482248-1482548	campylobacter	45
45	GCF_003950275.1_ASM395027v1_genomic.fna.gz	NZ_CP034393.1:1571485-1571786	campylobacter	354
46	GCF_002177625.1_ASM217762v1_genomic.fna.gz	NZ_NFNC01000032.1:81375-81741	campylobacter	538
47	GCF_001406955.1_65_S63_genomic.fna.gz	NZ_CZJN01000005.1:15148-15911	campylobacter	22
48	GCF_001407975.1_31_S30_genomic.fna.gz	NZ_CZHP01000015.1:37950-38381	campylobacter	45
49	GCF_001231505.1_7065_7_2_genomic.fna.gz	NZ_CULQ01000005.1:35710-35945	campylobacter	81
50	GCF_001226225.1_7213_3_75_genomic.fna.gz	NZ_CUVF01000002.1:230637-230871	campylobacter	51
51	GCF_001951235.1_ASM195123v1_genomic.fna.gz	NZ_CP007188.1:1602971-1603403	campylobacter	861
52	GCF_001877095.1_ASM187709v1_genomic.fna.gz	NZ_MOVC01000005.1:23194-23428	campylobacter	922
52	GCF_001418925.1_Campylobacter_jejuni_CVM_41910_v1.0_genomic.fna.gz	NZ_JAKG01000008.1:154540-154840	campylobacter	2109
53	GCF_001233585.1_7038_3_80_genomic.fna.gz	NZ_CUKP01000002.1:224548-224715	campylobacter	583
54	GCF_001237145.1_7065_7_55_genomic.fna.gz	NZ_CUNE01000005.1:77835-78137	campylobacter	48
55	GCF_001235825.1_7038_3_94_genomic.fna.gz	NZ_CULE01000003.1:174579-175010	campylobacter	257
56	GCF_000835305.1_ASM83530v1_genomic.fna.gz	NZ_CP010307.1:1488122-1488554	campylobacter	806
57	GCF_003095835.1_ASM309583v1_genomic.fna.gz	NZ_QELN01000005.1:62645-62880	campylobacter	50
58	GCF_001764335.1_ASM176433v1_genomic.fna.gz	NZ_MKAL01000032.1:61629-61789	campylobacter	508
59	GCF_001227785.1_7065_7_33_genomic.fna.gz	NZ_CUMI01000002.1:81789-82220	campylobacter	5726
60	GCF_002177315.1_ASM217731v1_genomic.fna.gz	NZ_NFMI01000002.1:93688-93855	campylobacter	45
61	GCF_001233005.1_7038_3_30_genomic.fna.gz	NZ_CUIM01000002.1:181064-181232	campylobacter	2258
62	GCF_002177805.1_ASM217780v1_genomic.fna.gz	NZ_NFNM01000037.1:80405-80705	campylobacter	991
63	GCF_001764875.1_ASM176487v1_genomic.fna.gz	NZ_MKBM01000058.1:39365-39665	campylobacter	45
64	GCF_001877905.1_ASM187790v1_genomic.fna.gz	NZ_MOWG01000006.1:31453-31687	campylobacter	922
64	GCF_002178175.1_ASM217817v1_genomic.fna.gz	NZ_NFOR01000133.1:10845-11079	campylobacter	982
65	GCF_001235565.1_7092_1_63_genomic.fna.gz	NZ_CURE01000001.1:39024-39456	campylobacter	267
66	GCF_001717625.1_ASM171762v1_genomic.fna.gz	NZ_CP017029.1:1512755-1513714	campylobacter	1839
67	GCF_001231625.1_7038_3_61_genomic.fna.gz	NZ_CUJU01000005.1:186257-186491	campylobacter	51
68	GCF_001238165.1_7092_1_32_genomic.fna.gz	NZ_CUPX01000005.1:37545-37845	campylobacter	883
69	GCF_002805475.1_CFSAN065366_genomic.fna.gz	NZ_PHYU01000001.1:177888-178048	campylobacter	8747
70	GCF_002806475.1_CFSAN065300_genomic.fna.gz	NZ_PIBD01000012.1:50-350	campylobacter	660
71	GCF_001762575.1_ASM176257v1_genomic.fna.gz	NZ_MJXB01000014.1:35767-36264	campylobacter	1888
72	GCF_002178285.1_ASM217828v1_genomic.fna.gz	NZ_NFOW01000067.1:61202-61766	campylobacter	679
73	GCF_001225405.1_7213_3_88_genomic.fna.gz	NZ_CUVT01000006.1:37449-37684	campylobacter	53
74	GCF_001230705.1_7213_3_59_genomic.fna.gz	NZ_CUUP01000003.1:128781-129344	campylobacter	21
75	GCF_001237605.1_7065_7_29_genomic.fna.gz	NZ_CUMD01000005.1:42399-42634	campylobacter	257
76	GCF_001231685.1_7092_1_4_genomic.fna.gz	NZ_CUQF01000003.1:174691-175254	campylobacter	257
77	GCF_001292245.1_RC104_S12contigs.fa_genomic.fna.gz	NZ_CYQH01000149.1:37497-37731	campylobacter	4279
78	GCF_001579555.1_ASM157955v1_genomic.fna.gz	NZ_LKCR01000011.1:39575-39809	campylobacter	9256
79	GCF_001231605.1_7065_7_36_genomic.fna.gz	NZ_CUMK01000006.1:37212-37379	campylobacter	572
80	GCF_001498975.1_I7C1_genomic.fna.gz	NZ_FBFV01000020.1:301676-302042	campylobacter	45
81	GCF_001489095.1_CCN25_genomic.fna.gz	NZ_FBJN01000014.1:37620-38052	campylobacter	262
82	GCF_001489095.1_CCN25_genomic.fna.gz	NZ_FBJN01000017.1:19154-19520	campylobacter	262
83	GCF_001235925.1_7092_1_52_genomic.fna.gz	NZ_CUQS01000003.1:42621-43119	campylobacter	2030
84	GCF_001418915.1_Campylobacter_jejuni_CVM_41908_v1.0_genomic.fna.gz	NZ_JAKF01000250.1:46-280	campylobacter	2109
85	GCF_001764655.1_ASM176465v1_genomic.fna.gz	NZ_MKBB01000007.1:80757-81059	campylobacter	50
86	GCF_001877525.1_ASM187752v1_genomic.fna.gz	NZ_MOUH01000006.1:98937-99171	campylobacter	982
86	GCF_001765265.1_ASM176526v1_genomic.fna.gz	NZ_MKCG01000014.1:77806-78107	campylobacter	464
87	GCF_003960035.1_ASM396003v1_genomic.fna.gz	NZ_PQYW01000001.1:179172-179472	campylobacter	2354
88	GCF_001230345.1_7092_1_19_genomic.fna.gz	NZ_CUPJ01000006.1:80164-80332	campylobacter	904
89	GCF_001878545.1_ASM187854v1_genomic.fna.gz	NZ_MOUB01000004.1:38012-38246	campylobacter	8
89	GCF_001407755.1_33_S32_genomic.fna.gz	NZ_CZIT01000011.1:37376-37676	campylobacter	572
90	GCF_900638165.1_56527_E01_genomic.fna.gz	NZ_LR134497.1:1614343-1614973	campylobacter	403
91	GCF_001408115.1_58_S56_genomic.fna.gz	NZ_CZJG01000037.1:90210-90445	campylobacter	2364
92	GCF_002110885.1_Cjejuni.CJ505CC21_v1.0_genomic.fna.gz	NZ_MLDX01000009.1:177628-177929	campylobacter	50
93	GCF_001232965.1_7213_3_84_genomic.fna.gz	NZ_CUVP01000005.1:37550-37850	campylobacter	21
94	GCF_001563565.1_ASM156356v1_genomic.fna.gz	NZ_CP014344.1:1466395-1466563	campylobacter	1471
95	GCF_002178195.1_ASM217819v1_genomic.fna.gz	NZ_NFOS01000132.1:10845-11079	campylobacter	982
95	GCF_001857015.1_ASM185701v1_genomic.fna.gz	NZ_MKHY01000046.1:77812-78310	campylobacter	587
96	GCF_001235245.1_7092_1_18_genomic.fna.gz	NZ_CUPH01000004.1:36922-37089	campylobacter	572
97	GCF_001224025.1_7065_7_41_genomic.fna.gz	NZ_CUMQ01000001.1:102233-102526	campylobacter	227
98	GCF_001224025.1_7065_7_41_genomic.fna.gz	NZ_CUMQ01000004.1:35135-35435	campylobacter	227
99	GCF_001229985.1_7092_1_34_genomic.fna.gz	NZ_CUPY01000003.1:36081-36381	campylobacter	2361
100	GCF_002587105.1_ASM258710v1_genomic.fna.gz	NZ_CP023867.1:821377-821741	campylobacter	883
100	GCF_001877935.1_ASM187793v1_genomic.fna.gz	NZ_MOWF01000005.1:23978-24212	campylobacter	922
100	GCF_001231425.1_7038_3_85_genomic.fna.gz	NZ_CUKU01000002.1:83135-83566	campylobacter	21
101	GCF_002177455.1_ASM217745v1_genomic.fna.gz	NZ_NFMP01000070.1:30-265	campylobacter	806
102	GCF_002177455.1_ASM217745v1_genomic.fna.gz	NZ_NFMP01000059.1:77837-78269	campylobacter	806
103	GCF_001912985.1_ASM191298v1_genomic.fna.gz	NZ_MKFF01000043.1:174465-174700	campylobacter	257
104	GCF_003960185.1_ASM396018v1_genomic.fna.gz	NZ_PQZG01000006.1:90560-90794	campylobacter	692
105	GCF_001234145.1_7038_3_42_genomic.fna.gz	NZ_CUIZ01000006.1:37572-37872	campylobacter	50
106	GCF_001765055.1_ASM176505v1_genomic.fna.gz	NZ_MKBV01000103.1:44545-44713	campylobacter	8837
107	GCF_003095795.1_ASM309579v1_genomic.fna.gz	NZ_QELK01000005.1:39327-39825	campylobacter	45
108	GCF_900446445.1_44503_G01_genomic.fna.gz	NZ_UARF01000005.1:278425-278725	campylobacter	45
109	GCF_900446505.1_56772_B02_genomic.fna.gz	NZ_UFVB01000001.1:526958-527258	campylobacter	449
110	GCF_001764455.1_ASM176445v1_genomic.fna.gz	NZ_MKAR01000035.1:80745-80979	campylobacter	8
110	GCF_001229485.1_7065_7_16_genomic.fna.gz	NZ_CULO01000004.1:174579-174944	campylobacter	257
111	GCF_001235005.1_7213_3_82_genomic.fna.gz	NZ_CUVN01000004.1:37556-37856	campylobacter	21
111	GCF_003962055.1_ASM396205v1_genomic.fna.gz	NZ_PRBJ01000019.1:22801-23022	campylobacter	1539
112	GCF_003962055.1_ASM396205v1_genomic.fna.gz	NZ_PRBJ01000020.1:11093-11513	campylobacter	1539
113	GCF_000355825.1_ICDCCJ07002_genomic.fna.gz	NZ_KB741839.1:757725-758091	campylobacter	2993
114	GCF_000285715.1_ASM28571v1_genomic.fna.gz	NZ_CAFT01000009.1:77747-78047	campylobacter	21
115	GCF_002804805.1_CFSAN065397_genomic.fna.gz	NZ_PHXP01000002.1:177402-177702	campylobacter	8751
116	GCF_001764815.1_ASM176481v1_genomic.fna.gz	NZ_MKBJ01000018.1:78164-78465	campylobacter	21
117	GCF_001761665.1_ASM176166v1_genomic.fna.gz	NZ_MJVL01000004.1:30395-30629	campylobacter	9281
118	GCF_001877675.1_ASM187767v1_genomic.fna.gz	NZ_MOTU01000004.1:15058-15490	campylobacter	1244
119	GCF_001762175.1_ASM176217v1_genomic.fna.gz	NZ_MJWJ01000001.1:171992-172358	campylobacter	45
120	GCF_003961365.1_ASM396136v1_genomic.fna.gz	NZ_PRCL01000002.1:42263-42497	campylobacter	6518
121	GCF_001764225.1_ASM176422v1_genomic.fna.gz	NZ_MKAG01000014.1:37715-37949	campylobacter	8
121	GCF_001764825.1_ASM176482v1_genomic.fna.gz	NZ_MKBK01000043.1:37005-37172	campylobacter	474
122	GCF_001232545.1_7092_1_47_genomic.fna.gz	NZ_CUQN01000006.1:39976-40143	campylobacter	353
123	GCF_001877105.1_ASM187710v1_genomic.fna.gz	NZ_MOVD01000006.1:31312-31546	campylobacter	922
123	GCF_001912855.1_ASM191285v1_genomic.fna.gz	NZ_MKEW01000035.1:12016-12448	campylobacter	1224
124	GCF_001764095.1_ASM176409v1_genomic.fna.gz	NZ_MJZZ01000050.1:36436-36671	campylobacter	403
125	GCF_003961325.1_ASM396132v1_genomic.fna.gz	NZ_PRCI01000008.1:61507-61742	campylobacter	1282
126	GCF_003960275.1_ASM396027v1_genomic.fna.gz	NZ_PQZM01000005.1:88427-88727	campylobacter	7895
127	GCF_001238885.1_7213_3_92_genomic.fna.gz	NZ_CUVX01000002.1:83050-83481	campylobacter	21
128	GCF_001233025.1_7213_3_60_genomic.fna.gz	NZ_CUUR01000004.1:38195-38560	campylobacter	19
129	GCF_001763385.1_ASM176338v1_genomic.fna.gz	NZ_MJYQ01000006.1:31355-31721	campylobacter	5679
130	GCF_003060765.1_ASM306076v1_genomic.fna.gz	NZ_CP028911.1:1430856-1431288	campylobacter	5843
131	GCF_002914605.1_ASM291460v1_genomic.fna.gz	NZ_PECO01000034.1:5806-5974	campylobacter	995
132	GCF_001407115.1_1_S1_genomic.fna.gz	NZ_CZHG01000041.1:15315-15482	campylobacter	824
133	GCF_001877435.1_ASM187743v1_genomic.fna.gz	NZ_MOUM01000007.1:74971-75336	campylobacter	459
134	GCF_001229365.1_7092_1_43_genomic.fna.gz	NZ_CUQJ01000005.1:35705-36005	campylobacter	61
135	GCF_001232565.1_7213_3_9_genomic.fna.gz	NZ_CUVV01000002.1:142541-142973	campylobacter	3769
136	GCF_001516505.1_ASM151650v1_genomic.fna.gz	NZ_KQ950113.1:524272-524638	campylobacter	22
137	GCF_001228305.1_7038_3_7_genomic.fna.gz	NZ_CUKD01000018.1:16082-16249	campylobacter	2274
138	GCF_001225805.1_7038_3_5_genomic.fna.gz	NZ_CUJH01000005.1:176462-176827	campylobacter	257
138	GCF_002804865.1_CFSAN065319_genomic.fna.gz	NZ_PIAO01000007.1:111830-111997	campylobacter	354
139	GCF_001878385.1_ASM187838v1_genomic.fna.gz	NZ_MOVJ01000006.1:31262-31496	campylobacter	922
139	GCF_002179345.1_ASM217934v1_genomic.fna.gz	NZ_NFPQ01000067.1:39281-39516	campylobacter	924
140	GCF_001765255.1_ASM176525v1_genomic.fna.gz	NZ_MKCF01000089.1:75508-75743	campylobacter	1919
141	GCF_000943445.1_ASM94344v1_genomic.fna.gz	NZ_JYDZ01000019.1:29442-29675	campylobacter	5524
142	GCF_000943445.1_ASM94344v1_genomic.fna.gz	NZ_JYDZ01000049.1:1036-1215	campylobacter	5524
143	GCF_001230205.1_7065_7_48_genomic.fna.gz	NZ_CUMU01000005.1:82504-82869	campylobacter	19
144	GCF_002178815.1_ASM217881v1_genomic.fna.gz	NZ_NFQG01000034.1:432530-432697	campylobacter	45
145	GCF_002168235.1_ASM216823v1_genomic.fna.gz	NZ_NHQU01000095.1:61036-61270	campylobacter	21
146	GCF_001238065.1_7038_3_36_genomic.fna.gz	NZ_CUIR01000006.1:62850-63150	campylobacter	50
147	GCF_001292045.1_RC526_S51contigs.fa_genomic.fna.gz	NZ_CYRW01000088.1:28884-29051	campylobacter	814
147	GCF_002178085.1_ASM217808v1_genomic.fna.gz	NZ_NFOF01000045.1:92295-92793	campylobacter	45
148	GCF_002178155.1_ASM217815v1_genomic.fna.gz	NZ_NFOO01000014.1:35698-35999	campylobacter	61
149	GCF_002177865.1_ASM217786v1_genomic.fna.gz	NZ_NFNP01000009.1:95112-95346	campylobacter	929
150	GCF_001229465.1_7065_7_21_genomic.fna.gz	NZ_CULU01000005.1:77804-77972	campylobacter	53
151	GCF_001239365.1_7213_3_37_genomic.fna.gz	NZ_CUTU01000003.1:92708-93008	campylobacter	572
152	GCF_001225205.1_7065_7_88_genomic.fna.gz	NZ_CUOO01000002.1:178493-178727	campylobacter	1044
153	GCF_001764765.1_ASM176476v1_genomic.fna.gz	NZ_MKBH01000004.1:81680-81847	campylobacter	583
154	GCF_001764535.1_ASM176453v1_genomic.fna.gz	NZ_MKAV01000028.1:80746-80980	campylobacter	8
154	GCF_002234455.1_ASM223445v1_genomic.fna.gz	NZ_CP022470.1:1473636-1474068	campylobacter	45
155	GCF_000011865.1_ASM1186v1_genomic.fna.gz	NC_003912.7:1594101-1594336	campylobacter	354
156	GCF_002177465.1_ASM217746v1_genomic.fna.gz	NZ_NFMQ01000124.1:12486-12655	campylobacter	9354
157	GCF_002804545.1_CFSAN065408_genomic.fna.gz	NZ_PHXF01000003.1:80008-80243	campylobacter	353
158	GCF_001764665.1_ASM176466v1_genomic.fna.gz	NZ_MKBC01000025.1:36252-36948	campylobacter	42
159	GCF_003960655.1_ASM396065v1_genomic.fna.gz	NZ_PRAO01000002.1:35604-35771	campylobacter	7840
160	GCF_002805985.1_CFSAN065338_genomic.fna.gz	NZ_PHZV01000004.1:89321-89488	campylobacter	3852
161	GCF_001407195.1_40_S38_genomic.fna.gz	NZ_CZHR01000009.1:66895-67195	campylobacter	122
162	GCF_003961465.1_ASM396146v1_genomic.fna.gz	NZ_PRCR01000005.1:72386-72553	campylobacter	1282
163	GCF_002178665.1_ASM217866v1_genomic.fna.gz	NZ_NFPX01000003.1:59705-60071	campylobacter	45
164	GCF_001877265.1_ASM187726v1_genomic.fna.gz	NZ_MOUU01000004.1:74587-74952	campylobacter	459
164	GCF_001878175.1_ASM187817v1_genomic.fna.gz	NZ_MOVT01000023.1:5407-5641	campylobacter	22
165	GCF_001233325.1_7065_7_70_genomic.fna.gz	NZ_CUNW01000003.1:39351-39652	campylobacter	354
166	GCF_001877515.1_ASM187751v1_genomic.fna.gz	NZ_MOUI01000003.1:34580-34814	campylobacter	982
166	GCF_001224125.1_7038_3_79_genomic.fna.gz	NZ_CUKN01000004.1:175801-176298	campylobacter	21
167	GCF_001229825.1_7038_3_31_genomic.fna.gz	NZ_CUIO01000008.1:41078-41245	campylobacter	2274
168	GCF_001234305.1_7038_3_72_genomic.fna.gz	NZ_CUKF01000006.1:94164-94331	campylobacter	2274
168	GCF_900000215.1_50_S47_genomic.fna.gz	NZ_CZIH01000023.1:75002-75237	campylobacter	61
169	GCF_001878125.1_ASM187812v1_genomic.fna.gz	NZ_MOVV01000007.1:74587-74952	campylobacter	459
169	GCF_001419645.1_Campylobacter_jejuni_CVM_41975_v1.0_genomic.fna.gz	NZ_JAKT01000005.1:175487-175787	campylobacter	2109
170	GCF_002805945.1_CFSAN065347_genomic.fna.gz	NZ_PHZM01000014.1:36078-36245	campylobacter	353
171	GCF_001407955.1_17_S16_genomic.fna.gz	NZ_CZHY01000003.1:77816-77983	campylobacter	883
172	GCF_001878465.1_ASM187846v1_genomic.fna.gz	NZ_MOVF01000007.1:14964-15198	campylobacter	922
172	GCF_002804655.1_CFSAN065402_genomic.fna.gz	NZ_PHXL01000012.1:90756-90923	campylobacter	1962
173	GCF_001763595.1_ASM176359v1_genomic.fna.gz	NZ_MJZA01000016.1:86549-86785	campylobacter	782
174	GCF_002179615.1_ASM217961v1_genomic.fna.gz	NZ_NFOL01000114.1:10774-11206	campylobacter	45
175	GCF_002177475.1_ASM217747v1_genomic.fna.gz	NZ_NFMR01000064.1:12112-12543	campylobacter	459
176	GCF_000466075.2_ASM46607v2_genomic.fna.gz	NC_022353.2:1533137-1533437	campylobacter	21
177	GCF_001878025.1_ASM187802v1_genomic.fna.gz	NZ_MOWA01000007.1:23194-23428	campylobacter	922
177	GCF_001763755.1_ASM176375v1_genomic.fna.gz	NZ_MJZI01000041.1:63246-63413	campylobacter	50
178	GCF_001877365.1_ASM187736v1_genomic.fna.gz	NZ_MOUP01000003.1:182000-182168	campylobacter	8
179	GCF_001239105.1_7092_1_30_genomic.fna.gz	NZ_CUPV01000006.1:77832-77999	campylobacter	572
180	GCF_001232405.1_7038_3_1_genomic.fna.gz	NZ_CUHN01000004.1:174693-175058	campylobacter	257
181	GCF_002806525.1_CFSAN065299_genomic.fna.gz	NZ_PIBE01000003.1:37056-37488	campylobacter	353
182	GCF_002805235.1_CFSAN065383_genomic.fna.gz	NZ_PHYD01000003.1:77765-77931	campylobacter	1359
183	GCF_002110705.1_Cjejuni.CJ076CC21_v1.0_genomic.fna.gz	NZ_MLDR01000020.1:82807-83239	campylobacter	50
184	GCF_001951335.1_ASM195133v1_genomic.fna.gz	NZ_CP007193.1:1458059-1458426	campylobacter	21
185	GCF_001878295.1_ASM187829v1_genomic.fna.gz	NZ_MOVN01000007.1:39310-39675	campylobacter	459
185	GCF_001764485.1_ASM176448v1_genomic.fna.gz	NZ_MKAT01000007.1:37715-37949	campylobacter	8
185	GCF_001228605.1_7065_7_72_genomic.fna.gz	NZ_CUNY01000004.1:91567-91998	campylobacter	21
185	GCF_001407315.1_64_S62_genomic.fna.gz	NZ_CZJK01000034.1:15282-15582	campylobacter	50
186	GCF_001407495.1_2_S2_genomic.fna.gz	NZ_CZIK01000047.1:171778-172078	campylobacter	45
187	GCF_001686905.1_ASM168690v1_genomic.fna.gz	NZ_CP015209.1:1489653-1489887	campylobacter	22
187	GCF_001232945.1_7092_1_44_genomic.fna.gz	NZ_CUQK01000004.1:174579-174814	campylobacter	257
188	GCF_003960735.1_ASM396073v1_genomic.fna.gz	NZ_PRAS01000013.1:18205-18758	campylobacter	7837
189	GCF_003960735.1_ASM396073v1_genomic.fna.gz	NZ_PRAS01000039.1:297-585	campylobacter	7837
190	GCF_002806285.1_CFSAN065323_genomic.fna.gz	NZ_PIAK01000006.1:37210-37512	campylobacter	475
191	GCF_001877975.1_ASM187797v1_genomic.fna.gz	NZ_MOWD01000007.1:24025-24259	campylobacter	922
191	GCF_002177935.1_ASM217793v1_genomic.fna.gz	NZ_NFNT01000002.1:10841-11075	campylobacter	8
191	GCF_002177535.1_ASM217753v1_genomic.fna.gz	NZ_NFMT01000078.1:33210-34037	campylobacter	4186
192	GCF_001877555.1_ASM187755v1_genomic.fna.gz	NZ_MOUF01000005.1:98935-99169	campylobacter	982
192	GCF_001764295.1_ASM176429v1_genomic.fna.gz	NZ_MKAJ01000023.1:172501-172801	campylobacter	9259
193	GCF_001442335.1_Campylobacter_jejuni_CVM_N9095_v1.0_genomic.fna.gz	NZ_JOVH01000002.1:38605-38906	campylobacter	8813
194	GCF_001238185.1_7213_3_74_genomic.fna.gz	NZ_CUVE01000004.1:83152-83715	campylobacter	21
195	GCF_002110685.1_Cjejuni.CJ507CC21_v1.0_genomic.fna.gz	NZ_MLDP01000005.1:181256-181492	campylobacter	141
196	GCF_000753175.1_Le_755_genomic.fna.gz	NZ_CCDC01000023.1:37590-37824	campylobacter	50
197	GCF_002179005.1_ASM217900v1_genomic.fna.gz	NZ_NFMU01000043.1:4888-5055	campylobacter	45
198	GCF_002178795.1_ASM217879v1_genomic.fna.gz	NZ_NFQD01000042.1:10814-11050	campylobacter	21
199	GCF_001877415.1_ASM187741v1_genomic.fna.gz	NZ_MOUN01000007.1:74971-75336	campylobacter	459
199	GCF_002805525.1_CFSAN065365_genomic.fna.gz	NZ_PHYV01000014.1:96104-96339	campylobacter	403
200	GCF_002805525.1_CFSAN065365_genomic.fna.gz	NZ_PHYV01000005.1:45791-46079	campylobacter	403
201	GCF_001442025.1_Campylobacter_jejuni_CVM_N15262_v1.0_genomic.fna.gz	NZ_JOUG01000006.1:75143-75641	campylobacter	353
202	GCF_001225885.1_7092_1_61_genomic.fna.gz	NZ_CURD01000003.1:78592-78958	campylobacter	21
203	GCF_001236785.1_7065_7_50_genomic.fna.gz	NZ_CUNB01000004.1:3171-3405	campylobacter	51
203	GCF_001416835.1_ASM141683v1_genomic.fna.gz	NZ_LBED01000001.1:168028-168525	campylobacter	7729
204	GCF_001230545.1_7092_1_55_genomic.fna.gz	NZ_CUQW01000002.1:37504-37739	campylobacter	50
205	GCF_001761685.1_ASM176168v1_genomic.fna.gz	NZ_MJVM01000010.1:61628-61788	campylobacter	508
205	GCF_001877775.1_ASM187777v1_genomic.fna.gz	NZ_MOWK01000005.1:81952-82186	campylobacter	922
205	GCF_001516415.1_ASM151641v1_genomic.fna.gz	NZ_KQ950144.1:226699-227000	campylobacter	51
206	GCF_001226385.1_7038_3_57_genomic.fna.gz	NZ_CUJP01000005.1:35938-36239	campylobacter	273
207	GCF_000686445.1_Assembly_1_genomic.fna.gz	NZ_KK365980.1:12357-13062	campylobacter	161
208	GCF_001442185.1_Campylobacter_jejuni_CVM_N279_v1.0_genomic.fna.gz	NZ_JOUQ01000010.1:60985-61152	campylobacter	3510
209	GCF_001238765.1_7092_1_67_genomic.fna.gz	NZ_CURJ01000005.1:38556-38790	campylobacter	3102
210	GCF_000355845.1_ICDCCJ07004_genomic.fna.gz	NZ_KB741859.1:10814-11180	campylobacter	2993
211	GCF_001234225.1_7038_3_35_genomic.fna.gz	NZ_CUIQ01000006.1:37548-38243	campylobacter	21
212	GCF_000686265.1_Assembly_1_genomic.fna.gz	NZ_KK365595.1:45192-45427	campylobacter	2157
213	GCF_002964945.1_ASM296494v1_genomic.fna.gz	NZ_PSNE01000006.1:40976-41212	campylobacter	3647
214	GCF_002178055.1_ASM217805v1_genomic.fna.gz	NZ_NFOD01000038.1:36902-37268	campylobacter	538
215	GCF_002806205.1_CFSAN065327_genomic.fna.gz	NZ_PIAG01000009.1:79955-80122	campylobacter	52
216	GCF_900446455.1_56553_B01_genomic.fna.gz	NZ_UFUR01000001.1:1537154-1537388	campylobacter	50
217	GCF_003960215.1_ASM396021v1_genomic.fna.gz	NZ_PQZI01000017.1:1883-2087	campylobacter	692
218	GCF_003960215.1_ASM396021v1_genomic.fna.gz	NZ_PQZI01000007.1:34530-34764	campylobacter	692
219	GCF_003960045.1_ASM396004v1_genomic.fna.gz	NZ_PQYX01000021.1:2069-2272	campylobacter	2314
220	GCF_001238565.1_7065_7_56_genomic.fna.gz	NZ_CUNG01000001.1:512062-512560	campylobacter	2030
221	GCF_001237345.1_7092_1_11_genomic.fna.gz	NZ_CUPA01000007.1:14712-14879	campylobacter	5731
222	GCF_001763915.1_ASM176391v1_genomic.fna.gz	NZ_MJZQ01000037.1:95233-95537	campylobacter	6674
223	GCF_002178075.1_ASM217807v1_genomic.fna.gz	NZ_NFOH01000007.1:33093-33920	campylobacter	4186
223	GCF_002179485.1_ASM217948v1_genomic.fna.gz	NZ_NFQL01000031.1:37367-37733	campylobacter	1219
224	GCF_002804705.1_CFSAN065317_genomic.fna.gz	NZ_PIAP01000007.1:79948-80248	campylobacter	52
225	GCF_001224265.1_7038_3_17_genomic.fna.gz	NZ_CUHX01000007.1:37580-37880	campylobacter	50
225	GCF_001878255.1_ASM187825v1_genomic.fna.gz	NZ_MOVQ01000006.1:74820-75185	campylobacter	459
225	GCF_001913065.1_ASM191306v1_genomic.fna.gz	NZ_MKFC01000026.1:36694-36854	campylobacter	2276
226	GCF_001764955.1_ASM176495v1_genomic.fna.gz	NZ_MKBQ01000083.1:173952-174119	campylobacter	6238
227	GCF_001877595.1_ASM187759v1_genomic.fna.gz	NZ_MOUD01000023.1:4931-5165	campylobacter	8
227	GCF_002805225.1_CFSAN065343_genomic.fna.gz	NZ_PHZQ01000012.1:37475-37972	campylobacter	353
228	GCF_000830845.1_ASM83084v1_genomic.fna.gz	NZ_CP006688.1:1455111-1455412	campylobacter	43
228	GCF_001233405.1_7213_3_27_genomic.fna.gz	NZ_CUTJ01000004.1:100477-100777	campylobacter	61
229	GCF_003095815.1_ASM309581v1_genomic.fna.gz	NZ_QELM01000006.1:38122-38553	campylobacter	22
230	GCF_003961835.1_ASM396183v1_genomic.fna.gz	NZ_PQZU01000102.1:37-275	campylobacter	7850
231	GCF_003961835.1_ASM396183v1_genomic.fna.gz	NZ_PQZU01000012.1:35268-35766	campylobacter	7850
232	GCF_003961835.1_ASM396183v1_genomic.fna.gz	NZ_PQZU01000017.1:1118-1289	campylobacter	7850
233	GCF_003961835.1_ASM396183v1_genomic.fna.gz	NZ_PQZU01000070.1:67-634	campylobacter	7850
234	GCF_001230905.1_7038_3_48_genomic.fna.gz	NZ_CUJF01000007.1:53689-53990	campylobacter	354
234	GCF_001418855.1_Campylobacter_jejuni_CVM_41902_v1.0_genomic.fna.gz	NZ_JAKD01000184.1:18-185	campylobacter	8171
235	GCF_001233665.1_7065_7_44_genomic.fna.gz	NZ_CUMT01000004.1:174578-175009	campylobacter	257
235	GCF_001878015.1_ASM187801v1_genomic.fna.gz	NZ_MOWB01000004.1:31454-31688	campylobacter	922
235	GCF_001236305.1_7092_1_70_genomic.fna.gz	NZ_CURL01000004.1:38003-38238	campylobacter	354
236	GCF_002179125.1_ASM217912v1_genomic.fna.gz	NZ_NFNV01000085.1:40112-40544	campylobacter	929
236	GCF_000686325.1_Assembly_1_genomic.fna.gz	NZ_KK365669.1:77782-77950	campylobacter	464
237	GCF_001878335.1_ASM187833v1_genomic.fna.gz	NZ_MOVM01000001.1:402114-402282	campylobacter	929
238	GCF_001407075.1_47_S45_genomic.fna.gz	NZ_CZIQ01000018.1:82814-83049	campylobacter	356
239	GCF_001224665.1_7038_3_29_genomic.fna.gz	NZ_CUIK01000004.1:37878-38310	campylobacter	45
240	GCF_003960595.1_ASM396059v1_genomic.fna.gz	NZ_PRAH01000012.1:11037-11272	campylobacter	7882
241	GCF_001878395.1_ASM187839v1_genomic.fna.gz	NZ_MOVI01000003.1:74868-75102	campylobacter	922
241	GCF_001224385.1_7213_3_65_genomic.fna.gz	NZ_CUUU01000004.1:1168-1335	campylobacter	51
242	GCF_002805665.1_CFSAN065361_genomic.fna.gz	NZ_PHYZ01000008.1:95958-96194	campylobacter	403
243	GCF_000234545.1_ASM23454v1_genomic.fna.gz	NZ_JH377046.1:10790-11025	campylobacter	429
244	GCF_000686345.1_Assembly_1_genomic.fna.gz	NZ_KK365715.1:168013-168181	campylobacter	3919
245	GCF_001877305.1_ASM187730v1_genomic.fna.gz	NZ_MOUS01000001.1:68585-68752	campylobacter	2219
246	GCF_001877305.1_ASM187730v1_genomic.fna.gz	NZ_MOUS01000003.1:36010-36706	campylobacter	2219
247	GCF_001225105.1_7092_1_85_genomic.fna.gz	NZ_CUSD01000005.1:94423-94790	campylobacter	273
248	GCF_000752275.1_Po_2_genomic.fna.gz	NZ_CCDE01000047.1:77876-78110	campylobacter	50
249	GCF_003960575.1_ASM396057v1_genomic.fna.gz	NZ_PRAF01000018.1:2706-2877	campylobacter	7847
249	GCF_003960575.1_ASM396057v1_genomic.fna.gz	NZ_PRAF01000004.1:35601-37814	campylobacter	7847
250	GCF_001227285.1_7213_3_80_genomic.fna.gz	NZ_CUVL01000005.1:37557-37857	campylobacter	21
250	GCF_002805555.1_CFSAN065321_genomic.fna.gz	NZ_PIAM01000002.1:37210-37512	campylobacter	475
250	GCF_001407035.1_4_S4_genomic.fna.gz	NZ_CZHT01000095.1:16052-16286	campylobacter	51
251	GCF_003368125.1_ASM336812v1_genomic.fna.gz	NZ_CP012213.1:1382925-1383291	campylobacter	45
252	GCF_002197935.1_ASM219793v1_genomic.fna.gz	NZ_NACK01000006.1:84634-84935	campylobacter	793
253	GCF_001877465.1_ASM187746v1_genomic.fna.gz	NZ_MOUK01000038.1:4924-5158	campylobacter	982
253	GCF_002805955.1_CFSAN065339_genomic.fna.gz	NZ_PHZU01000009.1:27981-28148	campylobacter	353
254	GCF_000830865.1_ASM83086v1_genomic.fna.gz	NZ_CP006689.1:1455124-1455425	campylobacter	43
254	GCF_002178435.1_ASM217843v1_genomic.fna.gz	NZ_NFPF01000014.1:35869-36235	campylobacter	137
255	GCF_002804645.1_CFSAN065401_genomic.fna.gz	NZ_PHXM01000004.1:77880-78048	campylobacter	475
256	GCF_001225345.1_7213_3_81_genomic.fna.gz	NZ_CUVM01000003.1:92387-92687	campylobacter	22
257	GCF_001761705.1_ASM176170v1_genomic.fna.gz	NZ_MJVN01000051.1:12016-12183	campylobacter	3322
258	GCF_001762145.1_ASM176214v1_genomic.fna.gz	NZ_MJWH01000024.1:38989-39355	campylobacter	45
258	GCF_001232265.1_7038_3_43_genomic.fna.gz	NZ_CUJA01000004.1:167231-167531	campylobacter	45
259	GCF_002806245.1_CFSAN065325_genomic.fna.gz	NZ_PIAI01000017.1:24563-24730	campylobacter	52
260	GCF_001238245.1_7038_3_60_genomic.fna.gz	NZ_CUJT01000003.1:173596-174291	campylobacter	21
260	GCF_001228545.1_7092_1_59_genomic.fna.gz	NZ_CURB01000002.1:167118-167352	campylobacter	1044
261	GCF_001764675.1_ASM176467v1_genomic.fna.gz	NZ_MKBD01000011.1:9244-9411	campylobacter	474
262	GCF_001763695.1_ASM176369v1_genomic.fna.gz	NZ_MJZF01000021.1:35993-36491	campylobacter	6674
263	GCF_001763865.1_ASM176386v1_genomic.fna.gz	NZ_MJZO01000009.1:37040-37207	campylobacter	9262
264	GCF_001764595.1_ASM176459v1_genomic.fna.gz	NZ_MKAZ01000002.1:37714-37882	campylobacter	61
265	GCF_001764595.1_ASM176459v1_genomic.fna.gz	NZ_MKAZ01000013.1:117712-118031	campylobacter	61
266	GCF_001878435.1_ASM187843v1_genomic.fna.gz	NZ_MOVH01000006.1:45045-45279	campylobacter	922
266	GCF_001765165.1_ASM176516v1_genomic.fna.gz	NZ_MKCB01000013.1:36664-36831	campylobacter	1232
267	GCF_001236805.1_7092_1_64_genomic.fna.gz	NZ_CURG01000004.1:127281-127713	campylobacter	267
267	GCF_001231905.1_7092_1_17_genomic.fna.gz	NZ_CUPG01000005.1:37540-37775	campylobacter	5018
267	GCF_002177365.1_ASM217736v1_genomic.fna.gz	NZ_NFML01000254.1:10830-11525	campylobacter	9355
268	GCF_001419185.1_Campylobacter_jejuni_CVM_41934_v1.0_genomic.fna.gz	NZ_JAKO01000107.1:6089-6389	campylobacter	2109
268	GCF_002806185.1_CFSAN065328_genomic.fna.gz	NZ_PIAF01000002.1:79955-80122	campylobacter	52
268	GCF_002178265.1_ASM217826v1_genomic.fna.gz	NZ_NFOV01000082.1:24053-24287	campylobacter	922
268	GCF_001764175.1_ASM176417v1_genomic.fna.gz	NZ_MKAD01000006.1:37715-37949	campylobacter	8
268	GCF_000737085.1_ASM73708v1_genomic.fna.gz	NZ_CP008787.1:1466708-1466942	campylobacter	8785
269	GCF_001857025.1_ASM185702v1_genomic.fna.gz	NZ_MKHZ01000053.1:74815-75050	campylobacter	8839
270	GCF_001877695.1_ASM187769v1_genomic.fna.gz	NZ_MOTR01000042.1:9642-10074	campylobacter	1244
270	GCF_002209065.1_ASM220906v1_genomic.fna.gz	NZ_CP022080.1:69901-70267	campylobacter	583
271	GCF_001877115.1_ASM187711v1_genomic.fna.gz	NZ_MOVB01000005.1:31312-31546	campylobacter	922
271	GCF_001877255.1_ASM187725v1_genomic.fna.gz	NZ_MOUV01000019.1:254-489	campylobacter	934
271	GCF_001877255.1_ASM187725v1_genomic.fna.gz	NZ_MOUV01000004.1:36089-36253	campylobacter	934
272	GCF_001226545.1_7092_1_89_genomic.fna.gz	NZ_CUSH01000001.1:292828-293194	campylobacter	45
273	GCF_002179415.1_ASM217941v1_genomic.fna.gz	NZ_NFPW01000031.1:762-1062	campylobacter	45
274	GCF_001408155.1_23_S22_genomic.fna.gz	NZ_CZHX01000016.1:15234-15665	campylobacter	367
275	GCF_001231085.1_7065_7_74_genomic.fna.gz	NZ_CUOA01000005.1:77830-77997	campylobacter	572
276	GCF_001764315.1_ASM176431v1_genomic.fna.gz	NZ_MKAK01000015.1:37828-38128	campylobacter	9259
277	GCF_001878575.1_ASM187857v1_genomic.fna.gz	NZ_MOUA01000005.1:80126-80360	campylobacter	8
277	GCF_003959855.1_ASM395985v1_genomic.fna.gz	NZ_PQYK01000006.1:37955-38248	campylobacter	704
278	GCF_003960485.1_ASM396048v1_genomic.fna.gz	NZ_PQZZ01000016.1:369-1902	campylobacter	6427
279	GCF_001236665.1_7092_1_71_genomic.fna.gz	NZ_CURO01000005.1:38651-38952	campylobacter	354
279	GCF_002964885.1_ASM296488v1_genomic.fna.gz	NZ_PSND01000007.1:37532-37699	campylobacter	50
280	GCF_001877175.1_ASM187717v1_genomic.fna.gz	NZ_MOUY01000003.1:31312-31546	campylobacter	922
280	GCF_001879185.1_ASM187918v1_genomic.fna.gz	NZ_MORJ01000004.1:170664-170898	campylobacter	8536
280	GCF_900638225.1_56553_E01_genomic.fna.gz	NZ_LR134502.1:1447420-1447852	campylobacter	45
281	GCF_001291505.1_RC427_S44contigs.fa_genomic.fna.gz	NZ_CYRN01000120.1:123755-123922	campylobacter	814
281	GCF_000753295.1_Po_1_genomic.fna.gz	NZ_CCDA01000064.1:37590-37824	campylobacter	50
281	GCF_003961715.1_ASM396171v1_genomic.fna.gz	NZ_PQYT01000006.1:37269-37568	campylobacter	693
282	GCF_001228665.1_7065_7_37_genomic.fna.gz	NZ_CUML01000004.1:37649-38080	campylobacter	21
283	GCF_001494515.1_CCN27_genomic.fna.gz	NZ_FBHX01000025.1:175297-175728	campylobacter	257
283	GCF_001857065.1_ASM185706v1_genomic.fna.gz	NZ_MKIB01000004.1:37715-37949	campylobacter	8
283	GCF_001870565.1_ASM187056v1_genomic.fna.gz	NZ_MEIB01000041.1:11834-12001	campylobacter	997
284	GCF_001761745.1_ASM176174v1_genomic.fna.gz	NZ_MJVP01000065.1:89644-89811	campylobacter	9282
285	GCF_001234885.1_7065_7_59_genomic.fna.gz	NZ_CUNJ01000003.1:42188-42556	campylobacter	257
286	GCF_001878105.1_ASM187810v1_genomic.fna.gz	NZ_MOVW01000025.1:15982-16347	campylobacter	459
286	GCF_001223845.1_7213_3_2_genomic.fna.gz	NZ_CUTB01000003.1:36187-36354	campylobacter	658
287	GCF_003960935.1_ASM396093v1_genomic.fna.gz	NZ_PRBF01000002.1:32811-35090	campylobacter	4565
288	GCF_001237385.1_7092_1_23_genomic.fna.gz	NZ_CUPN01000006.1:77831-78066	campylobacter	572
289	GCF_002804635.1_CFSAN065403_genomic.fna.gz	NZ_PHXK01000007.1:36131-36365	campylobacter	353
290	GCF_001857115.1_ASM185711v1_genomic.fna.gz	NZ_MKIA01000007.1:80746-81046	campylobacter	8
291	GCF_003959835.1_ASM395983v1_genomic.fna.gz	NZ_PQYF01000003.1:39540-39972	campylobacter	7809
292	GCF_001762655.1_ASM176265v1_genomic.fna.gz	NZ_MJXF01000035.1:30318-30684	campylobacter	4209
293	GCF_002209045.1_ASM220904v1_genomic.fna.gz	NZ_CP022079.1:1448553-1449118	campylobacter	48
294	GCF_001292025.1_RC169_S20contigs.fa_genomic.fna.gz	NZ_CYQQ01000027.1:16852-17019	campylobacter	814
295	GCF_001225785.1_7065_7_73_genomic.fna.gz	NZ_CUNZ01000002.1:77824-78255	campylobacter	48
296	GCF_001878615.1_ASM187861v1_genomic.fna.gz	NZ_MOTY01000019.1:23237-23471	campylobacter	8
296	GCF_001763275.1_ASM176327v1_genomic.fna.gz	NZ_MJYK01000008.1:36365-36995	campylobacter	45
297	GCF_001406895.1_43_S41_genomic.fna.gz	NZ_CZIS01000086.1:36333-36502	campylobacter	51
298	GCF_001408195.1_25_S24_genomic.fna.gz	NZ_CZIX01000014.1:128-428	campylobacter	904
299	GCF_004195125.1_ASM419512v1_genomic.fna.gz	NZ_SFCH01000005.1:70295-70531	campylobacter	22
300	GCF_001761765.1_ASM176176v1_genomic.fna.gz	NZ_MJVQ01000061.1:89627-89794	campylobacter	9282
300	GCF_002805915.1_CFSAN065340_genomic.fna.gz	NZ_PHZT01000009.1:78627-78929	campylobacter	475
301	GCF_001912835.1_ASM191283v1_genomic.fna.gz	NZ_MKES01000080.1:35222-36244	campylobacter	6629
302	GCF_004195195.1_ASM419519v1_genomic.fna.gz	NZ_SFCF01000001.1:36503-36739	campylobacter	22
303	GCF_002179285.1_ASM217928v1_genomic.fna.gz	NZ_NFOP01000077.1:12115-12351	campylobacter	21
304	GCF_001765235.1_ASM176523v1_genomic.fna.gz	NZ_MKCE01000008.1:62621-62788	campylobacter	50
305	GCF_001408235.1_11_S10_genomic.fna.gz	NZ_CZIO01000013.1:37822-38122	campylobacter	50
306	GCF_001224865.1_7038_3_84_genomic.fna.gz	NZ_CUKT01000003.1:174224-174721	campylobacter	21
307	GCF_001763645.1_ASM176364v1_genomic.fna.gz	NZ_MJZD01000156.1:36936-37170	campylobacter	9278
308	GCF_001407365.1_5_S5_genomic.fna.gz	NZ_CZIE01000055.1:15145-15379	campylobacter	21
309	GCF_001232885.1_7092_1_46_genomic.fna.gz	NZ_CUQM01000002.1:37518-37753	campylobacter	50
309	GCF_000314265.1_ASM31426v1_genomic.fna.gz	NZ_ANGX01000024.1:9816-10116	campylobacter	61
310	GCF_001224585.1_7038_3_78_genomic.fna.gz	NZ_CUKM01000005.1:38690-38990	campylobacter	48
311	GCF_001226845.1_7213_3_39_genomic.fna.gz	NZ_CUTW01000004.1:175764-176262	campylobacter	2030
311	GCF_000314085.1_ASM31408v1_genomic.fna.gz	NZ_ANGO01000002.1:16060-16227	campylobacter	45
312	GCF_002177745.1_ASM217774v1_genomic.fna.gz	NZ_NFNJ01000123.1:81580-81747	campylobacter	45
313	GCF_001234165.1_7213_3_68_genomic.fna.gz	NZ_CUUX01000004.1:174690-174925	campylobacter	257
313	GCF_001224845.1_7038_3_37_genomic.fna.gz	NZ_CUIU01000003.1:42061-42362	campylobacter	5718
313	GCF_001239045.1_7213_3_3_genomic.fna.gz	NZ_CUTM01000003.1:92921-93221	campylobacter	449
313	GCF_001225325.1_7038_3_16_genomic.fna.gz	NZ_CUHW01000005.1:77845-78145	campylobacter	48
314	GCF_001765215.1_ASM176521v1_genomic.fna.gz	NZ_MKCD01000038.1:38993-39294	campylobacter	354
315	GCF_003959845.1_ASM395984v1_genomic.fna.gz	NZ_PQYH01000003.1:32388-32754	campylobacter	991
316	GCF_001236945.1_7065_7_89_genomic.fna.gz	NZ_CUOQ01000002.1:224513-224945	campylobacter	45
317	GCF_003060725.1_ASM306072v1_genomic.fna.gz	NZ_CP028909.1:1494040-1494276	campylobacter	53
318	GCF_002177905.1_ASM217790v1_genomic.fna.gz	NZ_NFNS01000032.1:79067-79301	campylobacter	8
318	GCF_001224205.1_7038_3_13_genomic.fna.gz	NZ_CUHT01000006.1:40589-40757	campylobacter	904
319	GCF_002177685.1_ASM217768v1_genomic.fna.gz	NZ_NFNG01000033.1:24746-25112	campylobacter	991
320	GCF_001877195.1_ASM187719v1_genomic.fna.gz	NZ_MOUW01000014.1:536-771	campylobacter	934
320	GCF_001877195.1_ASM187719v1_genomic.fna.gz	NZ_MOUW01000014.1:33327-33561	campylobacter	934
321	GCF_001877195.1_ASM187719v1_genomic.fna.gz	NZ_MOUW01000015.1:34364-34528	campylobacter	934
321	GCF_001419625.1_Campylobacter_jejuni_CVM_41964_v1.0_genomic.fna.gz	NZ_JAKR01000013.1:0-167	campylobacter	8814
322	GCF_001419625.1_Campylobacter_jejuni_CVM_41964_v1.0_genomic.fna.gz	NZ_JAKR01000006.1:45-742	campylobacter	8814
323	GCF_001235065.1_7038_3_41_genomic.fna.gz	NZ_CUIW01000004.1:174629-175127	campylobacter	2030
323	GCF_001233625.1_7038_3_15_genomic.fna.gz	NZ_CUHV01000007.1:92438-92738	campylobacter	22
324	GCF_002179245.1_ASM217924v1_genomic.fna.gz	NZ_NFOQ01000047.1:24068-24302	campylobacter	922
324	GCF_001226085.1_7092_1_82_genomic.fna.gz	NZ_CUSA01000004.1:38864-39165	campylobacter	354
324	GCF_002028305.1_ASM202830v1_genomic.fna.gz	NZ_CP020045.1:1434654-1435086	campylobacter	5843
324	GCF_003961695.1_ASM396169v1_genomic.fna.gz	NZ_PQYN01000002.1:35362-35596	campylobacter	1030
324	GCF_003368065.1_ASM336806v1_genomic.fna.gz	NZ_CP012210.1:1424126-1424426	campylobacter	45
324	GCF_001229545.1_7038_3_65_genomic.fna.gz	NZ_CUKA01000003.1:90183-90550	campylobacter	206
325	GCF_003962245.1_ASM396224v1_genomic.fna.gz	NZ_PRCJ01000017.1:6874-7559	campylobacter	7810
326	GCF_003962245.1_ASM396224v1_genomic.fna.gz	NZ_PRCJ01000040.1:3404-3638	campylobacter	7810
327	GCF_003962245.1_ASM396224v1_genomic.fna.gz	NZ_PRCJ01000054.1:231-531	campylobacter	7810
328	GCF_002118115.1_Cjejuni_1.0_genomic.fna.gz	NZ_BDRZ01000019.1:4540-4775	campylobacter	5731
329	GCF_002177775.1_ASM217777v1_genomic.fna.gz	NZ_NFNK01000004.1:89594-89761	campylobacter	45
329	GCF_001877495.1_ASM187749v1_genomic.fna.gz	NZ_MOUJ01000003.1:180548-180782	campylobacter	982
329	GCF_001236545.1_7213_3_19_genomic.fna.gz	NZ_CUTA01000002.1:128775-129207	campylobacter	21
329	GCF_001232725.1_7065_7_27_genomic.fna.gz	NZ_CUMA01000003.1:42225-42392	campylobacter	267
330	GCF_002197895.1_ASM219789v1_genomic.fna.gz	NZ_NACJ01000004.1:74102-74336	campylobacter	683
331	GCF_002178355.1_ASM217835v1_genomic.fna.gz	NZ_NFOZ01000148.1:36-468	campylobacter	929
331	GCF_001408175.1_29_S28_genomic.fna.gz	NZ_CZID01000036.1:36433-36668	campylobacter	52
331	GCF_001877575.1_ASM187757v1_genomic.fna.gz	NZ_MOUE01000016.1:4859-5093	campylobacter	982
331	GCF_001765125.1_ASM176512v1_genomic.fna.gz	NZ_MKBZ01000117.1:78170-78330	campylobacter	2276
332	GCF_001877355.1_ASM187735v1_genomic.fna.gz	NZ_MOUQ01000006.1:36671-36905	campylobacter	22
333	GCF_001224465.1_7038_3_50_genomic.fna.gz	NZ_CUJI01000006.1:21207-21375	campylobacter	2135
334	GCF_003960645.1_ASM396064v1_genomic.fna.gz	NZ_PRAM01000007.1:39453-41735	campylobacter	7841
335	GCF_001228745.1_7065_7_63_genomic.fna.gz	NZ_CUNO01000005.1:37757-38057	campylobacter	48
335	GCF_001878515.1_ASM187851v1_genomic.fna.gz	NZ_MOVE01000029.1:3439-3673	campylobacter	922
335	GCF_001225065.1_7065_7_12_genomic.fna.gz	NZ_CULK01000003.1:39266-39433	campylobacter	233
335	GCF_001235125.1_7092_1_58_genomic.fna.gz	NZ_CUQZ01000005.1:77802-78036	campylobacter	141
336	GCF_002177835.1_ASM217783v1_genomic.fna.gz	NZ_NFNN01000007.1:15002-15433	campylobacter	459
336	GCF_001228425.1_7213_3_78_genomic.fna.gz	NZ_CUVI01000002.1:142993-143228	campylobacter	222
337	GCF_002804455.1_CFSAN065412_genomic.fna.gz	NZ_PHXC01000001.1:80135-80302	campylobacter	8752
338	GCF_001225565.1_7065_7_31_genomic.fna.gz	NZ_CUMF01000005.1:77834-78134	campylobacter	48
338	GCF_002178495.1_ASM217849v1_genomic.fna.gz	NZ_NFPI01000046.1:36667-36901	campylobacter	21
339	GCF_001292285.1_RC168_S19contigs.fa_genomic.fna.gz	NZ_CYQP01000068.1:34497-34664	campylobacter	814
339	GCF_002179155.1_ASM217915v1_genomic.fna.gz	NZ_NFNZ01000042.1:16043-16475	campylobacter	45
340	GCF_001231705.1_7213_3_87_genomic.fna.gz	NZ_CUVS01000004.1:35716-35884	campylobacter	61
340	GCF_003971585.1_ASM397158v1_genomic.fna.gz	NZ_CP028372.1:1501543-1501975	campylobacter	221
341	GCF_001230405.1_7038_3_63_genomic.fna.gz	NZ_CUJW01000003.1:37881-38313	campylobacter	45
341	GCF_001419505.1_Campylobacter_jejuni_CVM_41974_v1.0_genomic.fna.gz	NZ_JAKS01000011.1:70258-70558	campylobacter	22
342	GCF_001877705.1_ASM187770v1_genomic.fna.gz	NZ_MOTT01000029.1:4853-5285	campylobacter	1244
343	GCF_002804785.1_CFSAN065399_genomic.fna.gz	NZ_PHXO01000006.1:38938-39105	campylobacter	354
344	GCF_001227125.1_7038_3_91_genomic.fna.gz	NZ_CULB01000007.1:80161-80329	campylobacter	904
344	GCF_001227405.1_7092_1_69_genomic.fna.gz	NZ_CURM01000004.1:36650-36818	campylobacter	53
344	GCF_002177695.1_ASM217769v1_genomic.fna.gz	NZ_NFNH01000050.1:39049-39481	campylobacter	267
344	GCF_001417285.1_ASM141728v1_genomic.fna.gz	NZ_LBEC01000001.1:6787-7417	campylobacter	2934
345	GCF_002179455.1_ASM217945v1_genomic.fna.gz	NZ_NFPZ01000033.1:28724-28958	campylobacter	982
345	GCF_001292185.1_RC517_S50contigs.fa_genomic.fna.gz	NZ_CYRU01000009.1:37484-37651	campylobacter	814
345	GCF_001228945.1_7065_7_38_genomic.fna.gz	NZ_CUMM01000004.1:38183-38614	campylobacter	19
346	GCF_001223585.1_7213_3_36_genomic.fna.gz	NZ_CUTT01000005.1:35712-35947	campylobacter	61
347	GCF_002177435.1_ASM217743v1_genomic.fna.gz	NZ_NFMO01000045.1:12372-12803	campylobacter	459
348	GCF_001227765.1_7092_1_15_genomic.fna.gz	NZ_CUPE01000005.1:77847-78014	campylobacter	572
349	GCF_002177955.1_ASM217795v1_genomic.fna.gz	NZ_NFNU01000060.1:16475-16776	campylobacter	693
350	GCF_001419125.1_Campylobacter_jejuni_CVM_41927_v1.0_genomic.fna.gz	NZ_JAJG01000009.1:15432-15731	campylobacter	8180
351	GCF_001407415.1_28_S27_genomic.fna.gz	NZ_CZHM01000002.1:37388-37754	campylobacter	572
352	GCF_001765035.1_ASM176503v1_genomic.fna.gz	NZ_MKBU01000063.1:62707-62943	campylobacter	1953
353	GCF_001227845.1_7065_7_58_genomic.fna.gz	NZ_CUNI01000006.1:92445-92612	campylobacter	1947
354	GCF_001229945.1_7092_1_68_genomic.fna.gz	NZ_CURK01000003.1:180591-180759	campylobacter	845
355	GCF_001226005.1_7038_3_52_genomic.fna.gz	NZ_CUJK01000002.1:302827-303061	campylobacter	51
355	GCF_001407675.1_35_S34_genomic.fna.gz	NZ_CZIW01000003.1:81330-81762	campylobacter	45
356	GCF_001231105.1_7065_7_71_genomic.fna.gz	NZ_CUNX01000006.1:83272-83769	campylobacter	45
356	GCF_002179235.1_ASM217923v1_genomic.fna.gz	NZ_NFOI01000015.1:77839-78270	campylobacter	2521
357	GCF_001870085.1_ASM187008v1_genomic.fna.gz	NZ_CP017859.1:1526539-1526707	campylobacter	1212
358	GCF_001230125.1_7065_7_81_genomic.fna.gz	NZ_CUOI01000005.1:38566-38801	campylobacter	5018
358	GCF_002178035.1_ASM217803v1_genomic.fna.gz	NZ_NFOC01000028.1:37943-38375	campylobacter	45
358	GCF_003960075.1_ASM396007v1_genomic.fna.gz	NZ_PQYZ01000007.1:88462-88630	campylobacter	995
359	GCF_001233085.1_7092_1_53_genomic.fna.gz	NZ_CUQV01000007.1:81817-81985	campylobacter	2135
360	GCF_001236865.1_7038_3_10_genomic.fna.gz	NZ_CUHO01000003.1:37874-38306	campylobacter	45
360	GCF_001878355.1_ASM187835v1_genomic.fna.gz	NZ_MOVL01000003.1:15357-15591	campylobacter	22
360	GCF_002178725.1_ASM217872v1_genomic.fna.gz	NZ_NFQB01000023.1:39275-39510	campylobacter	924
360	GCF_001762165.1_ASM176216v1_genomic.fna.gz	NZ_MJWI01000031.1:172147-172513	campylobacter	45
360	GCF_001877725.1_ASM187772v1_genomic.fna.gz	NZ_MOTQ01000010.1:34570-35002	campylobacter	1244
360	GCF_001856945.1_ASM185694v1_genomic.fna.gz	NZ_MKHV01000022.1:92455-92754	campylobacter	51
361	GCF_002179265.1_ASM217926v1_genomic.fna.gz	NZ_NFOM01000005.1:37732-38032	campylobacter	21
362	GCF_001877855.1_ASM187785v1_genomic.fna.gz	NZ_MOWJ01000007.1:31312-31546	campylobacter	922
362	GCF_001227805.1_7092_1_7_genomic.fna.gz	NZ_CURN01000006.1:36923-37090	campylobacter	572
362	GCF_002000335.1_ASM200033v1_genomic.fna.gz	NZ_MUJW01000031.1:77808-78042	campylobacter	982
362	GCF_002179215.1_ASM217921v1_genomic.fna.gz	NZ_NFOG01000165.1:10736-11102	campylobacter	45
362	GCF_001231985.1_7038_3_81_genomic.fna.gz	NZ_CUKQ01000004.1:96204-96439	campylobacter	50
362	GCF_000633065.1_Cjg113.1_genomic.fna.gz	NZ_AQPK01000016.1:37510-37811	campylobacter	43
362	GCF_003368045.1_ASM336804v1_genomic.fna.gz	NZ_CP012206.1:1469083-1469316	campylobacter	137
363	GCF_003368085.1_ASM336808v1_genomic.fna.gz	NZ_CP012211.1:1371927-1372094	campylobacter	230
364	GCF_001236105.1_7038_3_6_genomic.fna.gz	NZ_CUJS01000007.1:36661-37158	campylobacter	21
365	GCF_003962225.1_ASM396222v1_genomic.fna.gz	NZ_PRCD01000012.1:17666-18351	campylobacter	7814
365	GCF_003962225.1_ASM396222v1_genomic.fna.gz	NZ_PRCD01000012.1:51649-51949	campylobacter	7814
366	GCF_003962225.1_ASM396222v1_genomic.fna.gz	NZ_PRCD01000039.1:169-403	campylobacter	7814
367	GCF_003961035.1_ASM396103v1_genomic.fna.gz	NZ_PRBK01000021.1:6586-6757	campylobacter	7820
368	GCF_003961035.1_ASM396103v1_genomic.fna.gz	NZ_PRBK01000025.1:531-1097	campylobacter	7820
369	GCF_003961035.1_ASM396103v1_genomic.fna.gz	NZ_PRBK01000004.1:35601-38277	campylobacter	7820
370	GCF_001228005.1_7092_1_2_genomic.fna.gz	NZ_CUPI01000001.1:516927-517160	campylobacter	137
371	GCF_001763415.1_ASM176341v1_genomic.fna.gz	NZ_MJYR01000026.1:12693-12993	campylobacter	8840
372	GCF_001763415.1_ASM176341v1_genomic.fna.gz	NZ_MJYR01000027.1:16313-16470	campylobacter	8840
373	GCF_001763415.1_ASM176341v1_genomic.fna.gz	NZ_MJYR01000051.1:30294-30461	campylobacter	8840
374	GCF_001763415.1_ASM176341v1_genomic.fna.gz	NZ_MJYR01000069.1:4788-4944	campylobacter	8840
375	GCF_002804495.1_CFSAN065406_genomic.fna.gz	NZ_PHXH01000008.1:77796-78162	campylobacter	475
376	GCF_001230565.1_7038_3_53_genomic.fna.gz	NZ_CUJL01000003.1:81796-82227	campylobacter	19
377	GCF_001877445.1_ASM187744v1_genomic.fna.gz	NZ_MOUL01000005.1:37803-38037	campylobacter	982
377	GCF_001235985.1_7213_3_5_genomic.fna.gz	NZ_CUUH01000004.1:38189-38620	campylobacter	19
378	GCF_002178235.1_ASM217823v1_genomic.fna.gz	NZ_NFOU01000055.1:10850-11084	campylobacter	982
378	GCF_001878625.1_ASM187862v1_genomic.fna.gz	NZ_MOTX01000010.1:37327-37561	campylobacter	8
378	GCF_002178545.1_ASM217854v1_genomic.fna.gz	NZ_NFPM01000056.1:10798-11032	campylobacter	922
378	GCF_001236725.1_7213_3_86_genomic.fna.gz	NZ_CUVR01000020.1:2992-4300	campylobacter	2401
379	GCF_001233765.1_7038_3_64_genomic.fna.gz	NZ_CUJX01000006.1:39190-39425	campylobacter	45
380	GCF_900638365.1_57428_D01_genomic.fna.gz	NZ_LR134511.1:1454944-1455245	campylobacter	43
380	GCF_001764845.1_ASM176484v1_genomic.fna.gz	NZ_MKBL01000014.1:175064-175364	campylobacter	257
381	GCF_001232205.1_7213_3_6_genomic.fna.gz	NZ_CUUQ01000006.1:78632-78866	campylobacter	48
382	GCF_001763445.1_ASM176344v1_genomic.fna.gz	NZ_MJYT01000031.1:11026-11193	campylobacter	4881
382	GCF_002110765.1_Cjejuni.CJ501CC21_v1.0_genomic.fna.gz	NZ_MLDT01000028.1:82201-82502	campylobacter	50
382	GCF_001233965.1_7038_3_2_genomic.fna.gz	NZ_CUIA01000004.1:91662-92357	campylobacter	21
383	GCF_000948095.1_ASM94809v1_genomic.fna.gz	NZ_JXTR01000020.1:42773-43006	campylobacter	5524
383	GCF_001232325.1_7065_7_82_genomic.fna.gz	NZ_CUOK01000005.1:77837-78004	campylobacter	572
383	GCF_002804525.1_CFSAN065322_genomic.fna.gz	NZ_PIAL01000006.1:70302-70603	campylobacter	660
384	GCF_001488115.1_CCN443_genomic.fna.gz	NZ_FBHK01000010.1:237371-237671	campylobacter	48
384	GCF_001238945.1_7065_7_3_genomic.fna.gz	NZ_CUME01000006.1:35990-36154	campylobacter	933
384	GCF_003095715.1_ASM309571v1_genomic.fna.gz	NZ_QELI01000006.1:83231-83398	campylobacter	45
385	GCF_003961855.1_ASM396185v1_genomic.fna.gz	NZ_PQZT01000005.1:35603-36168	campylobacter	1282
386	GCF_002024325.1_ASM202432v1_genomic.fna.gz	NZ_CP019965.1:1429046-1429478	campylobacter	5843
386	GCF_001232705.1_7065_7_19_genomic.fna.gz	NZ_CULR01000003.1:37959-38126	campylobacter	45
386	GCF_002178135.1_ASM217813v1_genomic.fna.gz	NZ_NFOK01000011.1:735169-735336	campylobacter	45
386	GCF_001765115.1_ASM176511v1_genomic.fna.gz	NZ_MKBY01000023.1:13200-13435	campylobacter	5671
387	GCF_002178635.1_ASM217863v1_genomic.fna.gz	NZ_NFPS01000005.1:80185-80617	campylobacter	929
388	GCF_001229245.1_7213_3_71_genomic.fna.gz	NZ_CUVC01000003.1:38064-38627	campylobacter	50
389	GCF_002178295.1_ASM217829v1_genomic.fna.gz	NZ_NFOX01000045.1:10848-11279	campylobacter	48
390	GCF_000753015.1_Ma_1_genomic.fna.gz	NZ_CCCZ01000030.1:83693-83927	campylobacter	50
390	GCF_002895865.1_ASM289586v1_genomic.fna.gz	NZ_KZ624776.1:524382-524682	campylobacter	22
391	GCF_002177515.1_ASM217751v1_genomic.fna.gz	NZ_NFMS01000003.1:74821-75252	campylobacter	459
391	GCF_001408135.1_30_S29_genomic.fna.gz	NZ_CZIG01000008.1:82511-82746	campylobacter	429
392	GCF_001229325.1_7065_7_57_genomic.fna.gz	NZ_CUNH01000001.1:453758-454112	campylobacter	21
393	GCF_001229325.1_7065_7_57_genomic.fna.gz	NZ_CUNH01000004.1:38500-38997	campylobacter	21
394	GCF_001237745.1_7092_1_5_genomic.fna.gz	NZ_CUQQ01000003.1:206039-206340	campylobacter	354
394	GCF_001878095.1_ASM187809v1_genomic.fna.gz	NZ_MOVX01000003.1:36292-36856	campylobacter	45
395	GCF_001238105.1_7092_1_39_genomic.fna.gz	NZ_CUQE01000005.1:41308-41475	campylobacter	2274
395	GCF_001234605.1_7092_1_20_genomic.fna.gz	NZ_CUPK01000003.1:174525-175023	campylobacter	2030
395	GCF_003368225.1_ASM336822v1_genomic.fna.gz	NZ_CP012221.1:1537972-1538404	campylobacter	1972
396	GCF_002178575.1_ASM217857v1_genomic.fna.gz	NZ_NFPO01000042.1:38043-38409	campylobacter	45
396	GCF_000285675.1_ASM28567v1_genomic.fna.gz	NZ_CAFR01000067.1:57554-57789	campylobacter	21
397	GCF_000285675.1_ASM28567v1_genomic.fna.gz	NZ_CAFR01000029.1:2210-2444	campylobacter	21
398	GCF_000285675.1_ASM28567v1_genomic.fna.gz	NZ_CAFR01000017.1:12388-12689	campylobacter	21
399	GCF_002179045.1_ASM217904v1_genomic.fna.gz	NZ_NFMY01000017.1:81333-81765	campylobacter	267
400	GCF_001764915.1_ASM176491v1_genomic.fna.gz	NZ_MKBO01000043.1:38405-38572	campylobacter	45
400	GCF_001225845.1_7038_3_56_genomic.fna.gz	NZ_CUJO01000005.1:35720-35955	campylobacter	61
400	GCF_003060745.1_ASM306074v1_genomic.fna.gz	NZ_CP028910.1:1497580-1498012	campylobacter	21
401	GCF_001226345.1_7213_3_70_genomic.fna.gz	NZ_CUVA01000003.1:205722-205889	campylobacter	233
401	GCF_001229665.1_7065_7_51_genomic.fna.gz	NZ_CUNA01000006.1:36865-37034	campylobacter	122
402	GCF_001912915.1_ASM191291v1_genomic.fna.gz	NZ_MKFD01000012.1:33147-33513	campylobacter	3630
403	GCF_001764745.1_ASM176474v1_genomic.fna.gz	NZ_MKBG01000164.1:70512-70747	campylobacter	422
404	GCF_001224985.1_7213_3_40_genomic.fna.gz	NZ_CUTY01000003.1:37141-37705	campylobacter	257
405	GCF_001314285.1_ASM131428v1_genomic.fna.gz	NZ_CP012696.1:1449328-1449694	campylobacter	50
406	GCF_001951275.1_ASM195127v1_genomic.fna.gz	NZ_CP007190.1:1442238-1442735	campylobacter	45
406	GCF_002805315.1_CFSAN065346_genomic.fna.gz	NZ_PHZN01000005.1:37631-37798	campylobacter	21
407	GCF_000835365.1_ASM83536v1_genomic.fna.gz	NZ_CP010301.1:1562765-1563133	campylobacter	8
408	GCF_001857085.1_ASM185708v1_genomic.fna.gz	NZ_MKIC01000013.1:37715-37949	campylobacter	8
408	GCF_003960085.1_ASM396008v1_genomic.fna.gz	NZ_PQZA01000003.1:164308-164608	campylobacter	2839
409	GCF_003961875.1_ASM396187v1_genomic.fna.gz	NZ_PQZV01000005.1:70102-70600	campylobacter	7891
410	GCF_001226485.1_7092_1_91_genomic.fna.gz	NZ_CUSK01000003.1:164155-164454	campylobacter	19
411	GCF_001227425.1_7213_3_43_genomic.fna.gz	NZ_CTRS01000007.1:36058-36358	campylobacter	400
412	GCF_001877895.1_ASM187789v1_genomic.fna.gz	NZ_MOWH01000006.1:24012-24246	campylobacter	922
412	GCF_001231585.1_7065_7_53_genomic.fna.gz	NZ_CUND01000001.1:37139-37637	campylobacter	257
413	GCF_001224405.1_7092_1_72_genomic.fna.gz	NZ_CURQ01000004.1:83037-83272	campylobacter	21
413	GCF_001234665.1_7038_3_33_genomic.fna.gz	NZ_CUIN01000005.1:35719-35954	campylobacter	61
414	GCF_001232145.1_7213_3_24_genomic.fna.gz	NZ_CUTG01000004.1:167952-168253	campylobacter	354
414	GCF_001226825.1_7065_7_96_genomic.fna.gz	NZ_CUOX01000005.1:40251-40616	campylobacter	3029
415	GCF_003961665.1_ASM396166v1_genomic.fna.gz	NZ_PQYL01000006.1:36984-37416	campylobacter	7844
416	GCF_000440015.1_BJ-CJD101_genomic.fna.gz	NZ_KE504113.1:221935-222367	campylobacter	3652
417	GCF_001225045.1_7038_3_95_genomic.fna.gz	NZ_CULF01000005.1:77843-78143	campylobacter	48
417	GCF_000285755.1_ASM28575v1_genomic.fna.gz	NZ_CAFV01000010.1:27433-27799	campylobacter	21
418	GCF_000943395.1_ASM94339v1_genomic.fna.gz	NZ_JYDX01000043.1:0-168	campylobacter	5523
419	GCF_001407815.1_20_S19_genomic.fna.gz	NZ_CZHJ01000030.1:12375-12611	campylobacter	904
420	GCF_001407635.1_26_S25_genomic.fna.gz	NZ_CZIR01000014.1:12610-12911	campylobacter	354
420	GCF_003960855.1_ASM396085v1_genomic.fna.gz	NZ_PRAZ01000002.1:35604-35904	campylobacter	1282
421	GCF_000934305.1_ASM93430v1_genomic.fna.gz	NZ_CP010906.1:1428960-1429260	campylobacter	5843
422	GCF_004195085.1_ASM419508v1_genomic.fna.gz	NZ_SFCG01000018.1:15389-15625	campylobacter	22
422	GCF_001237085.1_7038_3_90_genomic.fna.gz	NZ_CULA01000001.1:450285-450644	campylobacter	262
423	GCF_001237085.1_7038_3_90_genomic.fna.gz	NZ_CULA01000001.1:483167-483467	campylobacter	262
424	GCF_001237085.1_7038_3_90_genomic.fna.gz	NZ_CULA01000005.1:80039-80274	campylobacter	262
425	GCF_001765335.1_ASM176533v1_genomic.fna.gz	NZ_MKCJ01000112.1:40585-40745	campylobacter	2276
426	GCF_002178105.1_ASM217810v1_genomic.fna.gz	NZ_NFOJ01000048.1:81862-82096	campylobacter	922
426	GCF_001762255.1_BCW_4459_genomic.fna.gz	NZ_MJWN01000055.1:98281-98516	campylobacter	403
427	GCF_001233185.1_7065_7_64_genomic.fna.gz	NZ_CUNP01000003.1:174520-174821	campylobacter	257
428	GCF_001232585.1_7065_7_54_genomic.fna.gz	NZ_CUNF01000005.1:37709-37947	campylobacter	61
429	GCF_001227605.1_7213_3_67_genomic.fna.gz	NZ_CUUW01000005.1:39183-39483	campylobacter	353
430	GCF_002834185.1_CFSAN065316_genomic.fna.gz	NZ_PITT01000008.1:79948-80248	campylobacter	52
430	GCF_002110905.1_Cjejuni.CJ097CC21_v1.0_genomic.fna.gz	NZ_MLDZ01000001.1:736225-736392	campylobacter	1948
431	GCF_001547615.1_ASM154761v1_genomic.fna.gz	NZ_LISK01000003.1:177228-177660	campylobacter	2328
432	GCF_001418835.1_Campylobacter_jejuni_CVM_41900_v1.0_genomic.fna.gz	NZ_JAKC01000001.1:74876-75241	campylobacter	2140
433	GCF_001237785.1_7038_3_71_genomic.fna.gz	NZ_CUKG01000001.1:173885-174317	campylobacter	45
434	GCF_001767215.1_ASM176721v1_genomic.fna.gz	NZ_CP017456.1:1481151-1481583	campylobacter	22
435	GCF_001878485.1_ASM187848v1_genomic.fna.gz	NZ_MPBK01000003.1:73512-73746	campylobacter	922
435	GCF_001231765.1_7092_1_21_genomic.fna.gz	NZ_CUPL01000003.1:77799-78033	campylobacter	5732
436	GCF_001232125.1_7038_3_49_genomic.fna.gz	NZ_CUJG01000007.1:57447-57748	campylobacter	354
436	GCF_001407795.1_3_S3_genomic.fna.gz	NZ_CZII01000051.1:82858-83027	campylobacter	356
437	GCF_002178805.1_ASM217880v1_genomic.fna.gz	NZ_NFQF01000158.1:2567-2802	campylobacter	61
438	GCF_000835285.1_ASM83528v1_genomic.fna.gz	NZ_CP010306.1:1550136-1550436	campylobacter	2132
439	GCF_001236125.1_7213_3_14_genomic.fna.gz	NZ_CUSW01000004.1:37068-37500	campylobacter	5756
440	GCF_001230045.1_7213_3_64_genomic.fna.gz	NZ_CUUS01000003.1:39807-40173	campylobacter	1073
441	GCF_003960795.1_ASM396079v1_genomic.fna.gz	NZ_PRAW01000006.1:84478-84844	campylobacter	1282
442	GCF_003959995.1_ASM395999v1_genomic.fna.gz	NZ_PQYV01000015.1:40468-40963	campylobacter	2839
443	GCF_003959995.1_ASM395999v1_genomic.fna.gz	NZ_PQYV01000016.1:14699-15065	campylobacter	2839
444	GCF_001236225.1_7092_1_10_genomic.fna.gz	NZ_CUOZ01000006.1:38587-38821	campylobacter	50
445	GCF_001237265.1_7038_3_28_genomic.fna.gz	NZ_CUIJ01000003.1:37530-37765	campylobacter	50
445	GCF_001763045.1_ASM176304v1_genomic.fna.gz	NZ_MJXZ01000060.1:89632-89799	campylobacter	9282
445	GCF_001494015.1_CCN190_genomic.fna.gz	NZ_FBML01000011.1:113030-113389	campylobacter	262
445	GCF_001494015.1_CCN190_genomic.fna.gz	NZ_FBML01000013.1:36684-37116	campylobacter	262
445	GCF_002804555.1_CFSAN065370_genomic.fna.gz	NZ_PHYQ01000005.1:36157-36324	campylobacter	8749
446	GCF_001236445.1_7065_7_5_genomic.fna.gz	NZ_CUMZ01000002.1:172725-172960	campylobacter	45
447	GCF_001406975.1_38_S48_genomic.fna.gz	NZ_CZIY01000014.1:4536-4703	campylobacter	148
448	GCF_001239645.1_7092_1_8_genomic.fna.gz	NZ_CURX01000003.1:77810-78253	campylobacter	5730
449	GCF_001764715.1_ASM176471v1_genomic.fna.gz	NZ_MKBE01000035.1:78165-78332	campylobacter	53
450	GCF_001761885.1_ASM176188v1_genomic.fna.gz	NZ_MJVU01000066.1:30365-30532	campylobacter	9282
451	GCF_003095875.1_ASM309587v1_genomic.fna.gz	NZ_QELR01000004.1:77766-78263	campylobacter	21
451	GCF_001235145.1_7038_3_68_genomic.fna.gz	NZ_CUJY01000005.1:94422-94657	campylobacter	356
452	GCF_001407055.1_14_S13_genomic.fna.gz	NZ_CZIM01000023.1:4529-4961	campylobacter	45
452	GCF_001877715.1_ASM187771v1_genomic.fna.gz	NZ_MOTS01000019.1:7270-7702	campylobacter	1244
452	GCF_001234685.1_7065_7_65_genomic.fna.gz	NZ_CUNQ01000005.1:36183-36418	campylobacter	429
452	GCF_003961945.1_ASM396194v1_genomic.fna.gz	NZ_PRAK01000002.1:199955-200584	campylobacter	6390
453	GCF_001232825.1_7213_3_20_genomic.fna.gz	NZ_CUTC01000006.1:37554-37854	campylobacter	21
453	GCF_001230865.1_7092_1_36_genomic.fna.gz	NZ_CUQB01000004.1:37732-38494	campylobacter	21
454	GCF_001228445.1_7092_1_16_genomic.fna.gz	NZ_CUPF01000005.1:42322-42557	campylobacter	1709
454	GCF_002177885.1_ASM217788v1_genomic.fna.gz	NZ_NFNR01000013.1:31913-32213	campylobacter	991
455	GCF_000148705.1_ASM14870v1_genomic.fna.gz	NC_017280.1:1431606-1431840	campylobacter	137
455	GCF_003368165.1_ASM336816v1_genomic.fna.gz	NZ_CP012216.1:546264-546499	campylobacter	5671
455	GCF_001233465.1_7213_3_28_genomic.fna.gz	NZ_CUTK01000007.1:66955-67255	campylobacter	50
455	GCF_002179075.1_ASM217907v1_genomic.fna.gz	NZ_NFMZ01000037.1:37937-38369	campylobacter	45
455	GCF_002177965.1_ASM217796v1_genomic.fna.gz	NZ_NFNW01000009.1:55187-55422	campylobacter	61
455	GCF_001877185.1_ASM187718v1_genomic.fna.gz	NZ_MOUX01000006.1:97274-97508	campylobacter	8419
455	GCF_001878525.1_ASM187852v1_genomic.fna.gz	NZ_MOUG01000008.1:37752-37986	campylobacter	982
455	GCF_001225265.1_7092_1_51_genomic.fna.gz	NZ_CUQT01000004.1:40486-40721	campylobacter	1709
455	GCF_001420435.1_ASM142043v1_genomic.fna.gz	NZ_LLWL01000056.1:34479-34715	campylobacter	1953
456	GCF_001418905.1_Campylobacter_jejuni_CVM_41905_v1.0_genomic.fna.gz	NZ_JAKE01000051.1:7528-7762	campylobacter	2109
457	GCF_001878205.1_ASM187820v1_genomic.fna.gz	NZ_MPBL01000007.1:23890-24124	campylobacter	922
457	GCF_002120145.1_ASM212014v1_genomic.fna.gz	NZ_NAAF01000005.1:35661-35962	campylobacter	637
458	GCF_000163975.1_ASM16397v1_genomic.fna.gz	NZ_CM000854.1:1559787-1559947	campylobacter	841
459	GCF_002178775.1_ASM217877v1_genomic.fna.gz	NZ_NFQC01000009.1:42-276	campylobacter	45
460	GCF_002407125.1_ASM240712v1_genomic.fna.gz	NZ_CP023543.1:1112872-1113372	campylobacter	222
461	GCF_001878285.1_ASM187828v1_genomic.fna.gz	NZ_MOVO01000005.1:36561-36927	campylobacter	22
462	GCF_002177655.1_ASM217765v1_genomic.fna.gz	NZ_NFND01000008.1:173360-173594	campylobacter	929
463	GCF_001226145.1_7065_7_66_genomic.fna.gz	NZ_CUNR01000006.1:72490-72856	campylobacter	22
464	GCF_001496075.1_CCN29_genomic.fna.gz	NZ_FBIF01000025.1:38551-38982	campylobacter	257
465	GCF_001419165.1_Campylobacter_jejuni_CVM_41933_v1.0_genomic.fna.gz	NZ_JAKN01000010.1:38288-38588	campylobacter	2109
465	GCF_001419475.1_Campylobacter_jejuni_CVM_41973_v1.0_genomic.fna.gz	NZ_JAJF01000007.1:34771-35071	campylobacter	2109
465	GCF_001857095.1_ASM185709v1_genomic.fna.gz	NZ_MKID01000005.1:80745-80979	campylobacter	8
465	GCF_001419195.1_Campylobacter_jejuni_CVM_41936_v1.0_genomic.fna.gz	NZ_JAKP01000011.1:34728-35028	campylobacter	2109
465	GCF_001870105.1_ASM187010v1_genomic.fna.gz	NZ_CP017856.1:1538186-1538354	campylobacter	1212
465	GCF_001225685.1_7092_1_6_genomic.fna.gz	NZ_CURA01000003.1:100557-100792	campylobacter	61
466	GCF_003095935.1_ASM309593v1_genomic.fna.gz	NZ_QELL01000029.1:48-414	campylobacter	45
467	GCF_001238825.1_7065_7_23_genomic.fna.gz	NZ_CULV01000003.1:127269-127767	campylobacter	267
468	GCF_001407915.1_10_S9_genomic.fna.gz	NZ_CZHZ01000009.1:39521-39754	campylobacter	583
469	GCF_000184205.1_ASM18420v1_genomic.fna.gz	NC_017281.1:1497556-1497857	campylobacter	354
470	GCF_002179085.1_ASM217908v1_genomic.fna.gz	NZ_NFNF01000005.1:165385-165751	campylobacter	538
470	GCF_000686305.1_Assembly_1_genomic.fna.gz	NZ_KK365643.1:40839-41005	campylobacter	4397
471	GCF_003961175.1_ASM396117v1_genomic.fna.gz	NZ_PRBV01000016.1:35601-38145	campylobacter	7820
472	GCF_900638285.1_57043_B01_genomic.fna.gz	NZ_LR134507.1:1448196-1448363	campylobacter	45
473	GCF_000752795.1_Le_204R_genomic.fna.gz	NZ_CCDB01000024.1:78079-78313	campylobacter	50
473	GCF_001228525.1_7038_3_76_genomic.fna.gz	NZ_CUKL01000006.1:83277-83515	campylobacter	50
474	GCF_001233245.1_7038_3_40_genomic.fna.gz	NZ_CUIY01000005.1:178276-178643	campylobacter	257
475	GCF_003368145.1_ASM336814v1_genomic.fna.gz	NZ_CP012214.1:1374621-1374788	campylobacter	52
475	GCF_001237865.1_7092_1_42_genomic.fna.gz	NZ_CUQI01000002.1:177811-178046	campylobacter	50
476	GCF_001912845.1_ASM191284v1_genomic.fna.gz	NZ_MKEU01000032.1:37211-37378	campylobacter	1962
477	GCF_001228865.1_7065_7_84_genomic.fna.gz	NZ_CUOJ01000002.1:130172-130473	campylobacter	614
478	GCF_001419635.1_Campylobacter_jejuni_CVM_41985_v1.0_genomic.fna.gz	NZ_JAKU01000002.1:16330-16630	campylobacter	2109
478	GCF_002805145.1_CFSAN065385_genomic.fna.gz	NZ_PHYB01000007.1:77756-77922	campylobacter	1359
478	GCF_003060785.1_ASM306078v1_genomic.fna.gz	NZ_CP028912.1:1447816-1448050	campylobacter	50
478	GCF_001408055.1_36_S35_genomic.fna.gz	NZ_CZHL01000019.1:1595-1895	campylobacter	7546
478	GCF_001237585.1_7065_7_92_genomic.fna.gz	NZ_CUOU01000005.1:36526-36957	campylobacter	52
479	GCF_001407345.1_7_S6_genomic.fna.gz	NZ_CZIL01000007.1:15278-15447	campylobacter	51
480	GCF_001229065.1_7092_1_45_genomic.fna.gz	NZ_CUQL01000003.1:178068-178302	campylobacter	1044
480	GCF_003368205.1_ASM336820v1_genomic.fna.gz	NZ_CP012220.1:1351585-1351746	campylobacter	1332
481	GCF_002179015.1_ASM217901v1_genomic.fna.gz	NZ_NFMW01000039.1:39041-39473	campylobacter	267
481	GCF_001418935.1_Campylobacter_jejuni_CVM_41912_v1.0_genomic.fna.gz	NZ_JAKH01000027.1:10789-11089	campylobacter	50
482	GCF_001762555.1_ASM176255v1_genomic.fna.gz	NZ_MJXA01000009.1:101044-101541	campylobacter	1888
483	GCF_001236385.1_7038_3_32_genomic.fna.gz	NZ_CUIP01000006.1:78589-78824	campylobacter	53
484	GCF_002177595.1_ASM217759v1_genomic.fna.gz	NZ_NFNA01000046.1:60935-61762	campylobacter	4186
485	GCF_003960135.1_ASM396013v1_genomic.fna.gz	NZ_PQZE01000005.1:88884-89250	campylobacter	2839
485	GCF_002179335.1_ASM217933v1_genomic.fna.gz	NZ_NFPA01000015.1:1051298-1051465	campylobacter	440
486	GCF_001224005.1_7038_3_55_genomic.fna.gz	NZ_CUJN01000005.1:37552-37919	campylobacter	861
487	GCF_001857005.1_ASM185700v1_genomic.fna.gz	NZ_MKHX01000046.1:44268-44436	campylobacter	161
488	GCF_001764475.1_ASM176447v1_genomic.fna.gz	NZ_MKAS01000015.1:37715-37949	campylobacter	8
488	GCF_001237965.1_7092_1_48_genomic.fna.gz	NZ_CUQO01000003.1:77849-78016	campylobacter	572
488	GCF_001865435.1_ASM186543v1_genomic.fna.gz	NZ_CP017863.1:1484218-1484717	campylobacter	462
489	GCF_001233685.1_7092_1_84_genomic.fna.gz	NZ_CUSC01000004.1:129787-130087	campylobacter	50
489	GCF_002110695.1_Cjejuni.CJ069CC21_v1.0_genomic.fna.gz	NZ_MLDQ01000002.1:82167-82468	campylobacter	50
489	GCF_001229225.1_7038_3_74_genomic.fna.gz	NZ_CUKH01000005.1:41269-41506	campylobacter	53
490	GCF_900446545.1_57675_A01_genomic.fna.gz	NZ_UFUT01000001.1:1100188-1100686	campylobacter	267
491	GCF_001878275.1_ASM187827v1_genomic.fna.gz	NZ_MOVP01000005.1:62804-63170	campylobacter	22
492	GCF_000830775.1_ASM83077v1_genomic.fna.gz	NZ_CP006685.1:1455123-1455424	campylobacter	43
492	GCF_001236705.1_7065_7_22_genomic.fna.gz	NZ_CULW01000001.1:19199-19565	campylobacter	52
492	GCF_001236705.1_7065_7_22_genomic.fna.gz	NZ_CULW01000005.1:35593-36090	campylobacter	52
493	GCF_001236705.1_7065_7_22_genomic.fna.gz	NZ_CULW01000008.1:80153-80453	campylobacter	52
494	GCF_003960495.1_ASM396049v1_genomic.fna.gz	NZ_PRAB01000008.1:35592-36089	campylobacter	1282
495	GCF_003048115.1_ASM304811v1_genomic.fna.gz	NZ_NGUF01000006.1:75001-75236	campylobacter	985
496	GCF_000234525.1_ASM23452v1_genomic.fna.gz	NZ_JH376989.1:10764-11130	campylobacter	354
497	GCF_001407555.1_66_S64_genomic.fna.gz	NZ_CZJO01000002.1:82758-83124	campylobacter	122
498	GCF_001231345.1_7065_7_24_genomic.fna.gz	NZ_CULX01000004.1:39194-39625	campylobacter	19
498	GCF_001763615.1_ASM176361v1_genomic.fna.gz	NZ_MJZB01000032.1:86390-86626	campylobacter	782
498	GCF_001407595.1_41_S39_genomic.fna.gz	NZ_CZIU01000036.1:36977-37277	campylobacter	122
499	GCF_000302555.5_ASM30255v4_genomic.fna.gz	NC_018709.4:1448576-1448810	campylobacter	50
499	GCF_001228225.1_7092_1_22_genomic.fna.gz	NZ_CUPM01000004.1:42567-43065	campylobacter	2030
499	GCF_001878235.1_ASM187823v1_genomic.fna.gz	NZ_MOVR01000005.1:84673-84907	campylobacter	8419
499	GCF_000171795.2_ASM17179v2_genomic.fna.gz	NZ_CP005388.1:1444768-1444929	campylobacter	1919
500	GCF_000009085.1_ASM908v1_genomic.fna.gz	NC_002163.1:1455123-1455424	campylobacter	43
500	GCF_003961825.1_ASM396182v1_genomic.fna.gz	NZ_PQZF01000005.1:33973-34339	campylobacter	2839
500	GCF_001951295.1_ASM195129v1_genomic.fna.gz	NZ_CP007191.1:1452698-1453065	campylobacter	21
500	GCF_001230245.1_7065_7_13_genomic.fna.gz	NZ_CULL01000004.1:130473-130641	campylobacter	904
500	GCF_003095955.1_ASM309595v1_genomic.fna.gz	NZ_QELO01000004.1:77759-77993	campylobacter	21
501	GCF_003030185.1_ASM303018v1_genomic.fna.gz	NZ_CP028185.1:252089-252256	campylobacter	6238
501	GCF_001878375.1_ASM187837v1_genomic.fna.gz	NZ_MOVK01000006.1:24025-24259	campylobacter	922
501	GCF_900475265.1_43024_F01_genomic.fna.gz	NZ_LS483362.1:1455106-1455407	campylobacter	43
501	GCF_000285695.1_ASM28569v1_genomic.fna.gz	NZ_CAFS01000042.1:18459-18626	campylobacter	21
502	GCF_001877615.1_ASM187761v1_genomic.fna.gz	NZ_MOUC01000003.1:9569-9803	campylobacter	8
502	GCF_001516495.1_ASM151649v1_genomic.fna.gz	NZ_KQ950133.1:525883-526249	campylobacter	22
502	GCF_003095895.1_ASM309589v1_genomic.fna.gz	NZ_QELS01000004.1:37457-37692	campylobacter	21
502	GCF_002178445.1_ASM217844v1_genomic.fna.gz	NZ_NFPG01000025.1:2087-2315	campylobacter	262
502	GCF_002178445.1_ASM217844v1_genomic.fna.gz	NZ_NFPG01000015.1:10837-11137	campylobacter	262
503	GCF_001547625.1_ASM154762v1_genomic.fna.gz	NZ_LISI01000003.1:37816-38182	campylobacter	653
504	GCF_001233285.1_7038_3_23_genomic.fna.gz	NZ_CUIE01000005.1:92721-92956	campylobacter	844
505	GCF_001229085.1_7065_7_14_genomic.fna.gz	NZ_CULM01000006.1:81973-82140	campylobacter	2274
505	GCF_001231185.1_7065_7_83_genomic.fna.gz	NZ_CUOM01000004.1:82228-82463	campylobacter	1709
506	GCF_001224325.1_7213_3_53_genomic.fna.gz	NZ_CUUJ01000004.1:37554-37789	campylobacter	21
506	GCF_003960305.1_ASM396030v1_genomic.fna.gz	NZ_PQZP01000015.1:9362-9533	campylobacter	7851
506	GCF_003960305.1_ASM396030v1_genomic.fna.gz	NZ_PQZP01000002.1:0-367	campylobacter	7851
507	GCF_000025425.1_ASM2542v1_genomic.fna.gz	NC_017279.1:1452583-1452817	campylobacter	8
507	GCF_001763475.1_ASM176347v1_genomic.fna.gz	NZ_MJYU01000100.1:8933-9100	campylobacter	8840
507	GCF_001878635.1_ASM187863v1_genomic.fna.gz	NZ_MPBJ01000015.1:7270-7702	campylobacter	1244
507	GCF_002177385.1_ASM217738v1_genomic.fna.gz	NZ_NFMN01000067.1:2083-2318	campylobacter	933
507	GCF_002177385.1_ASM217738v1_genomic.fna.gz	NZ_NFMN01000034.1:34317-34481	campylobacter	933
507	GCF_003960235.1_ASM396023v1_genomic.fna.gz	NZ_PQZL01000007.1:62665-63097	campylobacter	7896
508	GCF_001227665.1_7038_3_51_genomic.fna.gz	NZ_CUJJ01000006.1:77810-78242	campylobacter	861
508	GCF_001419105.1_Campylobacter_jejuni_CVM_41923_v1.0_genomic.fna.gz	NZ_JAKM01000016.1:15977-16277	campylobacter	50
509	GCF_001913005.1_ASM191300v1_genomic.fna.gz	NZ_MKEY01000018.1:89327-89494	campylobacter	354
510	GCF_001231745.1_7213_3_10_genomic.fna.gz	NZ_CUSP01000005.1:35944-36311	campylobacter	273
511	GCF_001229645.1_7092_1_3_genomic.fna.gz	NZ_CUPU01000005.1:82523-82824	campylobacter	50
512	GCF_001239445.1_7038_3_25_genomic.fna.gz	NZ_CUIG01000004.1:184142-184376	campylobacter	51
512	GCF_001224345.1_7038_3_3_genomic.fna.gz	NZ_CUIL01000005.1:36919-37154	campylobacter	572
513	GCF_001951315.1_ASM195131v1_genomic.fna.gz	NZ_CP007192.1:1458064-1458431	campylobacter	21
513	GCF_001227065.1_7213_3_30_genomic.fna.gz	NZ_CUTN01000005.1:38567-38867	campylobacter	21
513	GCF_003095975.1_ASM309597v1_genomic.fna.gz	NZ_QELH01000003.1:182010-182244	campylobacter	45
514	GCF_001226025.1_7038_3_70_genomic.fna.gz	NZ_CUKE01000002.1:63026-63187	campylobacter	986
515	GCF_001229505.1_7213_3_15_genomic.fna.gz	NZ_CUSV01000005.1:83036-83271	campylobacter	53
515	GCF_001229145.1_7213_3_73_genomic.fna.gz	NZ_CUVD01000003.1:40152-40517	campylobacter	1900
516	GCF_001230685.1_7092_1_92_genomic.fna.gz	NZ_CUSL01000004.1:77802-78299	campylobacter	21
516	GCF_001408015.1_57_S55_genomic.fna.gz	NZ_CZJH01000015.1:35878-36309	campylobacter	19
517	GCF_001721965.1_ASM172196v1_genomic.fna.gz	NZ_CP017032.1:1501667-1501834	campylobacter	460
518	GCF_001228485.1_7038_3_75_genomic.fna.gz	NZ_CUKI01000005.1:83253-83552	campylobacter	19
518	GCF_001226745.1_7038_3_8_genomic.fna.gz	NZ_CUKO01000005.1:36662-37159	campylobacter	21
518	GCF_002110815.1_Cjejuni.CJ500CC21_v1.0_genomic.fna.gz	NZ_MLDS01000023.1:127208-127640	campylobacter	50
519	GCF_001764795.1_95_genomic.fna.gz	NZ_MKBI01000060.1:89332-89763	campylobacter	1517
520	GCF_001913075.1_ASM191307v1_genomic.fna.gz	NZ_MKFB01000033.1:78170-78330	campylobacter	2276
520	GCF_002224325.1_ASM222432v1_genomic.fna.gz	NZ_CP022439.1:1459295-1459596	campylobacter	43
520	GCF_001763625.1_ASM176362v1_genomic.fna.gz	NZ_MJZC01000055.1:58128-58362	campylobacter	9278
520	GCF_002177555.1_ASM217755v1_genomic.fna.gz	NZ_NFMX01000071.1:12104-12536	campylobacter	267
520	GCF_001764635.1_ASM176463v1_genomic.fna.gz	NZ_MKBA01000003.1:37801-37968	campylobacter	190
521	GCF_001232365.1_7213_3_17_genomic.fna.gz	NZ_CUSY01000004.1:130506-130673	campylobacter	904
522	GCF_001763435.1_ASM176343v1_genomic.fna.gz	NZ_MJYS01000024.1:30346-30513	campylobacter	997
522	GCF_001764495.1_ASM176449v1_genomic.fna.gz	NZ_MKAU01000033.1:61656-61894	campylobacter	460
523	GCF_001235965.1_7038_3_67_genomic.fna.gz	NZ_CUKB01000003.1:173996-174362	campylobacter	21
523	GCF_001235965.1_7038_3_67_genomic.fna.gz	NZ_CUKB01000004.1:142572-142938	campylobacter	21
524	GCF_001235965.1_7038_3_67_genomic.fna.gz	NZ_CUKB01000004.1:172380-172679	campylobacter	21
525	GCF_003095995.1_ASM309599v1_genomic.fna.gz	NZ_QELQ01000005.1:37671-37906	campylobacter	21
525	GCF_001230085.1_7038_3_21_genomic.fna.gz	NZ_CUIB01000005.1:78590-78825	campylobacter	21
525	GCF_001877945.1_ASM187794v1_genomic.fna.gz	NZ_MOWE01000005.1:31312-31546	campylobacter	922
525	GCF_002806445.1_CFSAN065302_genomic.fna.gz	NZ_PIBB01000010.1:77764-77999	campylobacter	9081
526	GCF_001407855.1_42_S40_genomic.fna.gz	NZ_CZIC01000011.1:80096-80528	campylobacter	262
526	GCF_002177615.1_ASM217761v1_genomic.fna.gz	NZ_NFNB01000042.1:81333-81765	campylobacter	267
526	GCF_000168175.1_ASM16817v1_genomic.fna.gz	NZ_AANQ01000001.1:163125-163755	campylobacter	22
527	GCF_001223725.1_7038_3_96_genomic.fna.gz	NZ_CULG01000003.1:128249-128549	campylobacter	61
528	GCF_000752375.1_Ma_B_genomic.fna.gz	NZ_CCDD01000050.1:77821-78055	campylobacter	50
528	GCF_002178735.1_ASM217873v1_genomic.fna.gz	NZ_NFQA01000052.1:77055-77486	campylobacter	48
529	GCF_003095855.1_ASM309585v1_genomic.fna.gz	NZ_QELP01000003.1:138760-139126	campylobacter	21
530	GCF_003095855.1_ASM309585v1_genomic.fna.gz	NZ_QELP01000005.1:115794-116031	campylobacter	21
531	GCF_003095855.1_ASM309585v1_genomic.fna.gz	NZ_QELP01000016.1:13395-13696	campylobacter	21
531	GCF_002178325.1_ASM217832v1_genomic.fna.gz	NZ_NFOY01000110.1:16030-16527	campylobacter	48
532	GCF_001877655.1_ASM187765v1_genomic.fna.gz	NZ_MOTV01000003.1:181986-182220	campylobacter	8
532	GCF_000830825.1_ASM83082v1_genomic.fna.gz	NZ_CP006687.1:1455113-1455414	campylobacter	43
532	GCF_001877865.1_ASM187786v1_genomic.fna.gz	NZ_MOWI01000006.1:24084-24318	campylobacter	922
532	GCF_001228245.1_7092_1_75_genomic.fna.gz	NZ_CURS01000005.1:90969-91336	campylobacter	206
532	GCF_003368245.1_ASM336824v1_genomic.fna.gz	NZ_CP012224.1:1423387-1423547	campylobacter	508
532	GCF_003960865.1_ASM396086v1_genomic.fna.gz	NZ_PRBA01000007.1:61908-62407	campylobacter	1282
533	GCF_000017905.1_ASM1790v1_genomic.fna.gz	NC_009839.1:1440717-1441215	campylobacter	267
533	GCF_001224485.1_7213_3_77_genomic.fna.gz	NZ_CUVG01000003.1:81890-82058	campylobacter	595
534	GCF_001232165.1_7213_3_96_genomic.fna.gz	NZ_CUWB01000006.1:36554-36986	campylobacter	22
535	GCF_000835345.1_ASM83534v1_genomic.fna.gz	NZ_CP010072.1:1559588-1559956	campylobacter	8
535	GCF_001764215.1_ASM176421v1_genomic.fna.gz	NZ_MKAF01000018.1:80745-80979	campylobacter	8
535	GCF_001762125.1_ASM176212v1_genomic.fna.gz	NZ_MJWG01000002.1:48729-49029	campylobacter	2109
535	GCF_001291805.1_RC270_S29contigs.fa_genomic.fna.gz	NZ_CYQY01000113.1:12557-12724	campylobacter	814
535	GCF_001877205.1_ASM187720v1_genomic.fna.gz	NZ_MOUZ01000005.1:31312-31546	campylobacter	922
535	GCF_001877625.1_ASM187762v1_genomic.fna.gz	NZ_MOTW01000005.1:80146-80380	campylobacter	8
535	GCF_001236085.1_7065_7_11_genomic.fna.gz	NZ_CULJ01000002.1:231118-231352	campylobacter	51
535	GCF_002587225.1_ASM258722v1_genomic.fna.gz	NZ_CP023866.1:158169-158404	campylobacter	354
535	GCF_001516485.1_ASM151648v1_genomic.fna.gz	NZ_KQ950124.1:739396-739762	campylobacter	22
535	GCF_001233905.1_7038_3_44_genomic.fna.gz	NZ_CUJB01000003.1:81320-81487	campylobacter	583
535	GCF_900638175.1_56527_F01_genomic.fna.gz	NZ_LR134496.1:1485407-1485573	campylobacter	362
536	GCF_001877335.1_ASM187733v1_genomic.fna.gz	NZ_MOUR01000007.1:74870-75235	campylobacter	459
536	GCF_001721945.1_ASM172194v1_genomic.fna.gz	NZ_CP017031.1:1466229-1466595	campylobacter	8789
537	GCF_000686225.1_Assembly_1_genomic.fna.gz	NZ_KK365580.1:74789-75089	campylobacter	1919
538	GCF_001878155.1_ASM187815v1_genomic.fna.gz	NZ_MOVU01000006.1:37027-37261	campylobacter	22
538	GCF_001238125.1_7213_3_79_genomic.fna.gz	NZ_CUVJ01000007.1:83282-83713	campylobacter	45
539	GCF_002177545.1_ASM217754v1_genomic.fna.gz	NZ_NFMV01000037.1:81329-81761	campylobacter	267
539	GCF_003961605.1_ASM396160v1_genomic.fna.gz	NZ_PQYI01000006.1:82871-83168	campylobacter	704
540	GCF_001765365.1_ASM176536v1_genomic.fna.gz	NZ_MKCL01000014.1:74809-75175	campylobacter	1919
541	GCF_001229025.1_7038_3_26_genomic.fna.gz	NZ_CUIH01000005.1:37652-38413	campylobacter	21
542	GCF_001230585.1_7065_7_1_genomic.fna.gz	NZ_CULH01000006.1:62619-62854	campylobacter	50
542	GCF_001587015.1_ASM158701v1_genomic.fna.gz	NZ_CP014744.1:1489059-1489512	campylobacter	50
543	GCF_001233105.1_7213_3_49_genomic.fna.gz	NZ_CUUF01000004.1:172378-172744	campylobacter	137
544	GCF_001587035.1_ASM158703v1_genomic.fna.gz	NZ_CP014742.1:1643189-1643621	campylobacter	50
545	GCF_001230525.1_7092_1_86_genomic.fna.gz	NZ_CUSE01000003.1:35161-35328	campylobacter	658
545	GCF_001417165.1_ASM141716v1_genomic.fna.gz	NZ_LBEN01000005.1:39283-39783	campylobacter	222
545	GCF_001407435.1_39_S37_genomic.fna.gz	NZ_CZHS01000018.1:34557-34724	campylobacter	148
