1	GCF_003591865.1_ASM359186v1_genomic.fna.gz	NZ_QYUH01000048.1:235-397	spyogenes	52
2	GCF_003591865.1_ASM359186v1_genomic.fna.gz	NZ_QYUH01000004.1:66619-66780	spyogenes	52
3	GCF_900474855.1_41825_E01_genomic.fna.gz	NZ_LS483330.1:112178-112766	spyogenes	156
4	GCF_900474855.1_41825_E01_genomic.fna.gz	NZ_LS483330.1:1063503-1063869	spyogenes	156
5	GCF_002268575.1_ASM226857v1_genomic.fna.gz	NZ_NGQL01000016.1:20179-20341	spyogenes	36
6	GCF_002268575.1_ASM226857v1_genomic.fna.gz	NZ_NGQL01000003.1:108621-108985	spyogenes	36
7	GCF_001635895.1_ASM163589v1_genomic.fna.gz	NZ_CP013838.1:846164-846662	spyogenes	407
8	GCF_001635895.1_ASM163589v1_genomic.fna.gz	NZ_CP013838.1:1222780-1223679	spyogenes	407
9	GCF_000628225.1_Stre_pyog_ABC020052898_V1_genomic.fna.gz	NZ_JJJZ01000001.1:783243-783477	spyogenes	28
10	GCF_000628225.1_Stre_pyog_ABC020052898_V1_genomic.fna.gz	NZ_JJJZ01000001.1:1243506-1243801	spyogenes	28
11	GCF_000628625.1_Stre_pyog_ABC020056181_V1_genomic.fna.gz	NZ_JJKT01000001.1:782715-782949	spyogenes	28
11	GCF_000628625.1_Stre_pyog_ABC020056181_V1_genomic.fna.gz	NZ_JJKT01000001.1:1243039-1243334	spyogenes	28
11	GCF_000628365.1_Stre_pyog_ABC020006345_V1_genomic.fna.gz	NZ_JJKG01000001.1:780062-780296	spyogenes	28
11	GCF_000628365.1_Stre_pyog_ABC020006345_V1_genomic.fna.gz	NZ_JJKG01000001.1:1240385-1240680	spyogenes	28
11	GCF_000631525.1_Stre_pyog_ABC020032186_V1_genomic.fna.gz	NZ_KK213772.1:45446-45608	spyogenes	36
11	GCF_000631525.1_Stre_pyog_ABC020032186_V1_genomic.fna.gz	NZ_KK213772.1:422060-422759	spyogenes	36
12	GCF_001638585.1_ASM163858v1_genomic.fna.gz	NZ_LRGW01000001.1:379683-380049	spyogenes	304
13	GCF_000630065.1_Stre_pyog_ABC020014690_V1_genomic.fna.gz	NZ_KK213388.1:581573-581735	spyogenes	36
13	GCF_000630065.1_Stre_pyog_ABC020014690_V1_genomic.fna.gz	NZ_KK213388.1:957467-957900	spyogenes	36
14	GCF_004154125.1_ASM415412v1_genomic.fna.gz	NZ_CP031623.1:617213-617375	spyogenes	52
15	GCF_004154125.1_ASM415412v1_genomic.fna.gz	NZ_CP031623.1:1069375-1069675	spyogenes	52
16	GCF_001638725.1_ASM163872v1_genomic.fna.gz	NZ_LRHA01000001.1:485152-485452	spyogenes	641
17	GCF_000631545.1_Stre_pyog_ABC020033233_V1_genomic.fna.gz	NZ_KK213781.1:542446-542608	spyogenes	36
17	GCF_000631545.1_Stre_pyog_ABC020033233_V1_genomic.fna.gz	NZ_KK213781.1:918325-918826	spyogenes	36
18	GCF_000628325.1_Stre_pyog_ABC020005716_V1_genomic.fna.gz	NZ_JJKE01000001.1:780053-780287	spyogenes	28
18	GCF_000628325.1_Stre_pyog_ABC020005716_V1_genomic.fna.gz	NZ_JJKE01000001.1:1240376-1240671	spyogenes	28
18	GCF_000630365.1_Stre_pyog_ABC020052203_V1_genomic.fna.gz	NZ_KK213455.1:584763-584925	spyogenes	36
18	GCF_000630365.1_Stre_pyog_ABC020052203_V1_genomic.fna.gz	NZ_KK213455.1:960391-960892	spyogenes	36
18	GCF_001678885.1_ASM167888v1_genomic.fna.gz	NZ_CP011069.1:777186-777486	spyogenes	52
19	GCF_000628205.1_Stre_pyog_ABC020048387_V1_genomic.fna.gz	NZ_JJJY01000001.1:799501-799735	spyogenes	897
19	GCF_000628205.1_Stre_pyog_ABC020048387_V1_genomic.fna.gz	NZ_JJJY01000001.1:1259820-1260115	spyogenes	897
19	GCF_000628145.1_Stre_pyog_ABC020056765_V1_genomic.fna.gz	NZ_JJJV01000001.1:784535-784769	spyogenes	28
19	GCF_000628145.1_Stre_pyog_ABC020056765_V1_genomic.fna.gz	NZ_JJJV01000001.1:1245777-1246072	spyogenes	28
19	GCF_003171575.1_ASM317157v1_genomic.fna.gz	NZ_QFXS01000007.1:98535-98835	spyogenes	180
20	GCF_004154345.1_ASM415434v1_genomic.fna.gz	NZ_CP031626.1:604420-604582	spyogenes	52
20	GCF_004154345.1_ASM415434v1_genomic.fna.gz	NZ_CP031626.1:1056515-1056749	spyogenes	52
21	GCF_003814385.1_ASM381438v1_genomic.fna.gz	NZ_CP033908.1:1333618-1333979	spyogenes	39
22	GCF_000421785.1_ASM42178v1_genomic.fna.gz	NZ_ATXR01000006.1:65509-65804	spyogenes	28
23	GCF_000628245.1_Stre_pyog_ABC020053250_V1_genomic.fna.gz	NZ_JJKA01000001.1:783242-783476	spyogenes	897
23	GCF_000628245.1_Stre_pyog_ABC020053250_V1_genomic.fna.gz	NZ_JJKA01000001.1:1243561-1243856	spyogenes	897
23	GCF_004153965.1_ASM415396v1_genomic.fna.gz	NZ_CP031637.1:605517-605679	spyogenes	52
23	GCF_004153965.1_ASM415396v1_genomic.fna.gz	NZ_CP031637.1:1099326-1099560	spyogenes	52
24	GCF_004124115.1_ASM412411v1_genomic.fna.gz	NZ_CP033335.1:1247801-1247965	spyogenes	49
25	GCF_900460035.1_42650_G02_genomic.fna.gz	NZ_UHHU01000001.1:318499-318862	spyogenes	55
26	GCF_900460035.1_42650_G02_genomic.fna.gz	NZ_UHHU01000001.1:716734-717298	spyogenes	55
27	GCF_004124135.1_ASM412413v1_genomic.fna.gz	NZ_CP033336.1:1026338-1027101	spyogenes	133
28	GCF_000628305.1_Stre_pyog_ABC020061424_V1_genomic.fna.gz	NZ_JJKD01000001.1:783231-783465	spyogenes	28
28	GCF_000628305.1_Stre_pyog_ABC020061424_V1_genomic.fna.gz	NZ_JJKD01000001.1:1243539-1243834	spyogenes	28
28	GCF_003177315.1_ASM317731v1_genomic.fna.gz	NZ_QFZH01000017.1:100836-101335	spyogenes	202
29	GCF_000628405.1_Stre_pyog_ABC020014764_V1_genomic.fna.gz	NZ_JJKI01000001.1:779955-780189	spyogenes	28
29	GCF_000628405.1_Stre_pyog_ABC020014764_V1_genomic.fna.gz	NZ_JJKI01000001.1:1240279-1240574	spyogenes	28
29	GCF_001642165.1_ASM164216v1_genomic.fna.gz	NZ_LVYR01000001.1:238017-238251	spyogenes	101
30	GCF_001642165.1_ASM164216v1_genomic.fna.gz	NZ_LVYR01000007.1:28013-28909	spyogenes	101
31	GCF_001642225.1_ASM164222v1_genomic.fna.gz	NZ_LVYS01000001.1:230862-231162	spyogenes	101
32	GCF_001642225.1_ASM164222v1_genomic.fna.gz	NZ_LVYS01000006.1:16201-17097	spyogenes	101
32	GCF_004124015.1_ASM412401v1_genomic.fna.gz	NZ_CP032700.1:569507-569870	spyogenes	82
33	GCF_000758085.1_ASM75808v1_genomic.fna.gz	NZ_JRLL01000057.1:330-632	spyogenes	109
34	GCF_000758085.1_ASM75808v1_genomic.fna.gz	NZ_JRLL01000058.1:15605-16037	spyogenes	109
35	GCF_004154105.1_ASM415410v1_genomic.fna.gz	NZ_CP031622.1:605087-605249	spyogenes	52
35	GCF_004154105.1_ASM415410v1_genomic.fna.gz	NZ_CP031622.1:1099409-1099643	spyogenes	52
36	GCF_004154065.1_ASM415406v1_genomic.fna.gz	NZ_CP031619.1:646795-646957	spyogenes	458
36	GCF_004154065.1_ASM415406v1_genomic.fna.gz	NZ_CP031619.1:1141558-1141858	spyogenes	458
36	GCF_002250425.1_ASM225042v1_genomic.fna.gz	NZ_NJPV01000014.1:20178-20340	spyogenes	36
36	GCF_002250425.1_ASM225042v1_genomic.fna.gz	NZ_NJPV01000002.1:46095-46459	spyogenes	36
37	GCF_900106405.1_SP_ISR11_genomic.fna.gz	NZ_FNMI01000007.1:528613-528913	spyogenes	52
37	GCF_900106405.1_SP_ISR11_genomic.fna.gz	NZ_FNMI01000009.1:102269-102431	spyogenes	52
37	GCF_001642205.1_ASM164220v1_genomic.fna.gz	NZ_LVYP01000001.1:341738-342038	spyogenes	101
37	GCF_001642205.1_ASM164220v1_genomic.fna.gz	NZ_LVYP01000010.1:142120-142950	spyogenes	101
38	GCF_001638755.1_ASM163875v1_genomic.fna.gz	NZ_LRHE01000001.1:214131-214431	spyogenes	641
39	GCF_000630425.1_Stre_pyog_ABC020048543_V1_genomic.fna.gz	NZ_KK213468.1:39682-39844	spyogenes	36
39	GCF_000630425.1_Stre_pyog_ABC020048543_V1_genomic.fna.gz	NZ_KK213468.1:416419-417118	spyogenes	36
39	GCF_000628265.1_Stre_pyog_ABC020056068_V1_genomic.fna.gz	NZ_JJKB01000001.1:799494-799728	spyogenes	28
39	GCF_000628265.1_Stre_pyog_ABC020056068_V1_genomic.fna.gz	NZ_JJKB01000001.1:1261143-1261438	spyogenes	28
39	GCF_000018125.1_ASM1812v1_genomic.fna.gz	NC_011375.1:827277-827578	spyogenes	1073
40	GCF_000018125.1_ASM1812v1_genomic.fna.gz	NC_011375.1:1201583-1201948	spyogenes	1073
41	GCF_001638745.1_ASM163874v1_genomic.fna.gz	NZ_LRHC01000005.1:24503-24803	spyogenes	641
41	GCF_004153985.1_ASM415398v1_genomic.fna.gz	NZ_CP031639.1:605285-605447	spyogenes	52
41	GCF_004153985.1_ASM415398v1_genomic.fna.gz	NZ_CP031639.1:1057467-1057767	spyogenes	52
41	GCF_000628685.1_Stre_pyog_ABC020017280_V1_genomic.fna.gz	NZ_JJKW01000001.1:545764-545926	spyogenes	36
41	GCF_000628685.1_Stre_pyog_ABC020017280_V1_genomic.fna.gz	NZ_JJKW01000001.1:922426-922855	spyogenes	36
42	GCF_000630505.1_Stre_pyog_ABC020046264_V1_genomic.fna.gz	NZ_KK213490.1:779384-779546	spyogenes	36
42	GCF_000630505.1_Stre_pyog_ABC020046264_V1_genomic.fna.gz	NZ_KK213490.1:1155257-1155758	spyogenes	36
42	GCF_000630105.1_Stre_pyog_ABC020010041_V1_genomic.fna.gz	NZ_KK213396.1:829410-829572	spyogenes	36
42	GCF_000630105.1_Stre_pyog_ABC020010041_V1_genomic.fna.gz	NZ_KK213396.1:1206056-1206755	spyogenes	36
42	GCF_003171615.1_ASM317161v1_genomic.fna.gz	NZ_QFXT01000001.1:3023-3258	spyogenes	12
43	GCF_002238295.1_ASM223829v1_genomic.fna.gz	NZ_CP020027.1:1241760-1241989	spyogenes	150
44	GCF_002083085.2_ASM208308v2_genomic.fna.gz	NZ_NBTO02000001.1:1104331-1104895	spyogenes	101
45	GCF_002083085.2_ASM208308v2_genomic.fna.gz	NZ_NBTO02000001.1:1495541-1495841	spyogenes	101
46	GCF_000631465.1_Stre_pyog_ABC020037542_V1_genomic.fna.gz	NZ_KK213756.1:539801-539963	spyogenes	36
46	GCF_001635975.1_ASM163597v1_genomic.fna.gz	NZ_CP013840.1:790764-791064	spyogenes	101
46	GCF_001635975.1_ASM163597v1_genomic.fna.gz	NZ_CP013840.1:1181546-1182110	spyogenes	101
47	GCF_000628485.1_Stre_pyog_ABC020038545_V1_genomic.fna.gz	NZ_JJKM01000001.1:798178-798412	spyogenes	28
47	GCF_000628485.1_Stre_pyog_ABC020038545_V1_genomic.fna.gz	NZ_JJKM01000001.1:1258502-1258797	spyogenes	28
47	GCF_900459925.1_44503_H02_genomic.fna.gz	NZ_UHGW01000002.1:1073875-1074303	spyogenes	403
48	GCF_000630665.1_Stre_pyog_ABC020032523_V1_genomic.fna.gz	NZ_KK213536.1:544800-544962	spyogenes	36
48	GCF_000630665.1_Stre_pyog_ABC020032523_V1_genomic.fna.gz	NZ_KK213536.1:974739-975438	spyogenes	36
48	GCF_000390225.1_GAS1.0_genomic.fna.gz	NZ_APMZ01000018.1:55592-55826	spyogenes	579
49	GCF_000628425.1_Stre_pyog_ABC020030020_V1_genomic.fna.gz	NZ_JJKJ01000001.1:780018-780179	spyogenes	28
50	GCF_000628425.1_Stre_pyog_ABC020030020_V1_genomic.fna.gz	NZ_JJKJ01000001.1:1240293-1240588	spyogenes	28
50	GCF_900475785.1_46514_A03_genomic.fna.gz	NZ_LS483421.1:992526-992760	spyogenes	172
51	GCF_000628665.1_Stre_pyog_ABC020013256_V1_genomic.fna.gz	NZ_JJKV01000001.1:796851-797085	spyogenes	28
51	GCF_000628665.1_Stre_pyog_ABC020013256_V1_genomic.fna.gz	NZ_JJKV01000001.1:1258168-1258463	spyogenes	28
51	GCF_000648855.1_Draft_SP6-LAU_Genome_genomic.fna.gz	NZ_AWPD01000001.1:248948-249248	spyogenes	101
51	GCF_000648855.1_Draft_SP6-LAU_Genome_genomic.fna.gz	NZ_AWPD01000003.1:13130-14025	spyogenes	101
52	GCF_002055535.1_NCTC8198_genomic.fna.gz	NZ_LN831034.1:1317643-1317938	spyogenes	28
52	GCF_000275625.1_ASM27562v1_genomic.fna.gz	NZ_AFRY01000001.1:676209-676638	spyogenes	36
53	GCF_000275625.1_ASM27562v1_genomic.fna.gz	NZ_AFRY01000001.1:1117863-1118025	spyogenes	36
54	GCF_000630345.1_Stre_pyog_ABC020052216_V1_genomic.fna.gz	NZ_KK213451.1:957544-957842	spyogenes	36
55	GCF_000630345.1_Stre_pyog_ABC020052216_V1_genomic.fna.gz	NZ_KK213451.1:958098-958599	spyogenes	36
55	GCF_002238315.1_ASM223831v1_genomic.fna.gz	NZ_CP020082.1:1327630-1327859	spyogenes	150
55	GCF_900475005.1_41906_F02_genomic.fna.gz	NZ_LS483340.1:574254-574748	spyogenes	26
56	GCF_000250905.1_ASM25090v1_genomic.fna.gz	NC_017040.1:784335-784496	spyogenes	172
57	GCF_000631405.1_Stre_pyog_ABC020051161_V1_genomic.fna.gz	NZ_KK213746.1:779672-779906	spyogenes	28
57	GCF_000631405.1_Stre_pyog_ABC020051161_V1_genomic.fna.gz	NZ_KK213746.1:1240001-1240296	spyogenes	28
57	GCF_004118175.1_ASM411817v1_genomic.fna.gz	NZ_RIZF01000033.1:31876-32110	spyogenes	28
57	GCF_004118175.1_ASM411817v1_genomic.fna.gz	NZ_RIZF01000041.1:45332-45562	spyogenes	28
58	GCF_000013545.1_ASM1354v1_genomic.fna.gz	NC_008024.1:1317062-1317423	spyogenes	1072
58	GCF_000006785.2_ASM678v2_genomic.fna.gz	NC_002737.2:860818-861250	spyogenes	28
59	GCF_000006785.2_ASM678v2_genomic.fna.gz	NC_002737.2:1283499-1283730	spyogenes	28
60	GCF_900231885.1_ASM90023188v1_genomic.fna.gz	NZ_OEIP01000011.1:283523-283757	spyogenes	28
61	GCF_900231885.1_ASM90023188v1_genomic.fna.gz	NZ_OEIP01000022.1:46177-46472	spyogenes	28
62	GCF_003025365.1_ASM302536v1_genomic.fna.gz	NZ_CP028148.1:857915-858077	spyogenes	36
62	GCF_003025365.1_ASM302536v1_genomic.fna.gz	NZ_CP028148.1:1337477-1337775	spyogenes	36
63	GCF_004154305.1_ASM415430v1_genomic.fna.gz	NZ_CP031634.1:1058098-1058398	spyogenes	456
63	GCF_002236875.1_ASM223687v1_genomic.fna.gz	NZ_CP022354.1:1033263-1033827	spyogenes	1065
64	GCF_000630405.1_Stre_pyog_ABC020049250_V1_genomic.fna.gz	NZ_KK213466.1:796979-797213	spyogenes	28
64	GCF_000630405.1_Stre_pyog_ABC020049250_V1_genomic.fna.gz	NZ_KK213466.1:1257302-1257597	spyogenes	28
64	GCF_000290595.1_ASM29059v1_genomic.fna.gz	NZ_JH791799.1:130274-130436	spyogenes	36
64	GCF_000290595.1_ASM29059v1_genomic.fna.gz	NZ_ALKE01000012.1:45693-45991	spyogenes	36
65	GCF_000013505.1_ASM1350v1_genomic.fna.gz	NC_008022.1:850514-850675	spyogenes	55
66	GCF_000013505.1_ASM1350v1_genomic.fna.gz	NC_008022.1:1298990-1299222	spyogenes	55
67	GCF_001020185.2_ASM102018v2_genomic.fna.gz	NZ_CP011535.2:606499-606661	spyogenes	52
67	GCF_001020185.2_ASM102018v2_genomic.fna.gz	NZ_CP011535.2:1100791-1101091	spyogenes	52
67	GCF_000628185.1_Stre_pyog_ABC020047977_V1_genomic.fna.gz	NZ_JJJX01000001.1:555054-555288	spyogenes	28
67	GCF_000628185.1_Stre_pyog_ABC020047977_V1_genomic.fna.gz	NZ_JJJX01000001.1:1015469-1015764	spyogenes	28
67	GCF_000628165.1_Stre_pyog_ABC020057442_V1_genomic.fna.gz	NZ_JJJW01000001.1:799506-799733	spyogenes	28
68	GCF_000628165.1_Stre_pyog_ABC020057442_V1_genomic.fna.gz	NZ_JJJW01000001.1:1259845-1260140	spyogenes	28
68	GCF_001051095.1_ASM105109v1_genomic.fna.gz	NZ_CP012045.1:802760-802994	spyogenes	28
68	GCF_001051095.1_ASM105109v1_genomic.fna.gz	NZ_CP012045.1:1324094-1324389	spyogenes	28
68	GCF_001638465.1_ASM163846v1_genomic.fna.gz	NZ_LRGL01000017.1:107015-107851	spyogenes	974
69	GCF_000631885.1_Stre_pyog_ABC020056884_V1_genomic.fna.gz	NZ_KK213871.1:582086-582248	spyogenes	36
69	GCF_000631885.1_Stre_pyog_ABC020056884_V1_genomic.fna.gz	NZ_KK213871.1:957491-957992	spyogenes	36
69	GCF_900475985.1_47297_C01_genomic.fna.gz	NZ_LS483437.1:1328134-1328363	spyogenes	150
69	GCF_000628025.1_Stre_pyog_ABC020047955_V1_genomic.fna.gz	NZ_JJJP01000001.1:796805-797039	spyogenes	28
69	GCF_000628025.1_Stre_pyog_ABC020047955_V1_genomic.fna.gz	NZ_JJJP01000001.1:1257144-1257439	spyogenes	28
69	GCF_000685485.1_SP1_contigs.fa_genomic.fna.gz	NZ_JHFA01000014.1:3151-3312	spyogenes	28
70	GCF_000685485.1_SP1_contigs.fa_genomic.fna.gz	NZ_JHFA01000038.1:72852-73010	spyogenes	28
71	GCF_002115435.1_ASM211543v1_genomic.fna.gz	NZ_NBYS01000004.1:283569-283803	spyogenes	28
71	GCF_002115435.1_ASM211543v1_genomic.fna.gz	NZ_NBYS01000009.1:46177-46472	spyogenes	28
71	GCF_900106435.1_SP_ISR3_genomic.fna.gz	NZ_FNMJ01000007.1:467905-468139	spyogenes	28
71	GCF_900106435.1_SP_ISR3_genomic.fna.gz	NZ_FNMJ01000011.1:46172-46467	spyogenes	28
71	GCF_000630125.1_Stre_pyog_ABC020009156_V1_genomic.fna.gz	NZ_KK213398.1:544700-544862	spyogenes	36
71	GCF_000630125.1_Stre_pyog_ABC020009156_V1_genomic.fna.gz	NZ_KK213398.1:921293-921992	spyogenes	36
71	GCF_000648775.1_Draft_SP2-LAU_Genome_genomic.fna.gz	NZ_AWOZ01000001.1:271844-272210	spyogenes	304
72	GCF_000628585.1_Stre_pyog_ABC020052553_V1_genomic.fna.gz	NZ_JJKR01000001.1:780064-780364	spyogenes	28
73	GCF_000628585.1_Stre_pyog_ABC020052553_V1_genomic.fna.gz	NZ_JJKR01000001.1:1240446-1240741	spyogenes	28
73	GCF_004154405.1_ASM415440v1_genomic.fna.gz	NZ_CP031636.1:604458-604620	spyogenes	52
73	GCF_004154405.1_ASM415440v1_genomic.fna.gz	NZ_CP031636.1:1056620-1056986	spyogenes	52
74	GCF_000631565.1_Stre_pyog_ABC020029706_V1_genomic.fna.gz	NZ_KK213787.1:697042-697204	spyogenes	36
74	GCF_000631565.1_Stre_pyog_ABC020029706_V1_genomic.fna.gz	NZ_KK213787.1:1073815-1074514	spyogenes	36
74	GCF_000631445.1_Stre_pyog_ABC020039031_V1_genomic.fna.gz	NZ_KK213749.1:543577-543739	spyogenes	36
74	GCF_000631445.1_Stre_pyog_ABC020039031_V1_genomic.fna.gz	NZ_KK213749.1:919445-919946	spyogenes	36
74	GCF_000630725.1_Stre_pyog_ABC020030925_V1_genomic.fna.gz	NZ_KK213552.1:702941-703242	spyogenes	182
75	GCF_003591645.1_ASM359164v1_genomic.fna.gz	NZ_QYUD01000021.1:6218-6379	spyogenes	52
75	GCF_003591645.1_ASM359164v1_genomic.fna.gz	NZ_QYUD01000006.1:13112-13274	spyogenes	52
75	GCF_002268485.1_ASM226848v1_genomic.fna.gz	NZ_NGQI01000016.1:19343-19505	spyogenes	36
75	GCF_002268485.1_ASM226848v1_genomic.fna.gz	NZ_NGQI01000001.1:46095-46459	spyogenes	36
75	GCF_000498895.2_SP1-LAU_genomic.fna.gz	NZ_AYPA01000006.1:45880-46111	spyogenes	36
76	GCF_000498895.2_SP1-LAU_genomic.fna.gz	NZ_AYPA01000012.1:55104-55266	spyogenes	36
76	GCF_003640605.1_ASM364060v1_genomic.fna.gz	NZ_CP031770.1:1333643-1334004	spyogenes	39
76	GCF_900106495.1_SP_ISR2_genomic.fna.gz	NZ_FNMQ01000005.1:12837-13066	spyogenes	880
76	GCF_001076015.1_ASM107601v1_genomic.fna.gz	NZ_JULO01000028.1:107122-107821	spyogenes	36
76	GCF_001076015.1_ASM107601v1_genomic.fna.gz	NZ_JULO01000008.1:633-795	spyogenes	36
76	GCF_002236855.1_ASM223685v1_genomic.fna.gz	NZ_CP022206.1:1033263-1033827	spyogenes	1065
76	GCF_900475035.1_41965_F01_genomic.fna.gz	NZ_LS483338.1:981626-981992	spyogenes	103
77	GCF_002872315.1_ASM287231v1_genomic.fna.gz	NZ_NIYZ01000018.1:19343-19505	spyogenes	36
77	GCF_002872315.1_ASM287231v1_genomic.fna.gz	NZ_NIYZ01000001.1:160444-160808	spyogenes	36
77	GCF_000631805.1_Stre_pyog_ABC020040643_V1_genomic.fna.gz	NZ_KK213848.1:539023-539185	spyogenes	36
77	GCF_000631805.1_Stre_pyog_ABC020040643_V1_genomic.fna.gz	NZ_KK213848.1:915765-916464	spyogenes	36
77	GCF_900608505.1_Chr_1_genomic.fna.gz	NZ_LR031521.1:819643-819877	spyogenes	28
77	GCF_900608505.1_Chr_1_genomic.fna.gz	NZ_LR031521.1:1279962-1280257	spyogenes	28
77	GCF_000630565.1_Stre_pyog_ABC020044173_V1_genomic.fna.gz	NZ_KK213511.1:508629-508863	spyogenes	28
77	GCF_000630565.1_Stre_pyog_ABC020044173_V1_genomic.fna.gz	NZ_KK213511.1:968946-969241	spyogenes	28
77	GCF_000629865.1_Stre_pyog_ABC020035427_V1_genomic.fna.gz	NZ_KK213346.1:581937-582099	spyogenes	36
77	GCF_000629865.1_Stre_pyog_ABC020035427_V1_genomic.fna.gz	NZ_KK213346.1:957811-958312	spyogenes	36
77	GCF_000483605.1_SpyogGA40377v1.0_genomic.fna.gz	NZ_AWTK01000017.1:398-698	spyogenes	456
77	GCF_000483605.1_SpyogGA40377v1.0_genomic.fna.gz	NZ_AWTK01000033.1:33662-33824	spyogenes	456
77	GCF_000629785.1_Stre_pyog_ABC020047925_V1_genomic.fna.gz	NZ_KK213332.1:801742-801976	spyogenes	28
77	GCF_000629785.1_Stre_pyog_ABC020047925_V1_genomic.fna.gz	NZ_KK213332.1:1262071-1262366	spyogenes	28
77	GCF_000631865.1_Stre_pyog_ABC020056894_V1_genomic.fna.gz	NZ_KK213862.1:499466-499628	spyogenes	36
77	GCF_000631865.1_Stre_pyog_ABC020056894_V1_genomic.fna.gz	NZ_KK213862.1:875915-876614	spyogenes	36
77	GCF_004154165.1_ASM415416v1_genomic.fna.gz	NZ_CP031625.1:604144-604306	spyogenes	52
77	GCF_004154165.1_ASM415416v1_genomic.fna.gz	NZ_CP031625.1:1098092-1098392	spyogenes	52
77	GCF_004154145.1_ASM415414v1_genomic.fna.gz	NZ_CP031624.1:604368-604530	spyogenes	52
77	GCF_004154145.1_ASM415414v1_genomic.fna.gz	NZ_CP031624.1:1056368-1056734	spyogenes	52
78	GCF_000629965.1_Stre_pyog_ABC020016937_V1_genomic.fna.gz	NZ_KK213369.1:583067-583229	spyogenes	36
78	GCF_000629965.1_Stre_pyog_ABC020016937_V1_genomic.fna.gz	NZ_KK213369.1:958798-959299	spyogenes	36
78	GCF_000629925.1_Stre_pyog_ABC020026946_V1_genomic.fna.gz	NZ_KK213364.1:824454-824616	spyogenes	36
78	GCF_000629925.1_Stre_pyog_ABC020026946_V1_genomic.fna.gz	NZ_KK213364.1:1200257-1200490	spyogenes	36
79	GCF_000628005.1_Stre_pyog_ABC020052211_V1_genomic.fna.gz	NZ_JJJO01000001.1:697233-697395	spyogenes	36
79	GCF_000628005.1_Stre_pyog_ABC020052211_V1_genomic.fna.gz	NZ_JJJO01000001.1:1074024-1074723	spyogenes	36
79	GCF_900106485.1_SP_ISR4_genomic.fna.gz	NZ_FNMO01000015.1:467904-468138	spyogenes	28
79	GCF_900106485.1_SP_ISR4_genomic.fna.gz	NZ_FNMO01000005.1:46173-46468	spyogenes	28
79	GCF_004154385.1_ASM415438v1_genomic.fna.gz	NZ_CP031635.1:606229-606391	spyogenes	52
79	GCF_004154385.1_ASM415438v1_genomic.fna.gz	NZ_CP031635.1:1112464-1112764	spyogenes	52
79	GCF_001547835.1_ASM154783v1_genomic.fna.gz	NZ_AP014585.1:772532-772766	spyogenes	28
79	GCF_001547835.1_ASM154783v1_genomic.fna.gz	NZ_AP014585.1:1193415-1193709	spyogenes	28
80	GCF_002872275.1_ASM287227v1_genomic.fna.gz	NZ_NIYX01000017.1:20178-20340	spyogenes	36
80	GCF_002872275.1_ASM287227v1_genomic.fna.gz	NZ_NIYX01000005.1:46094-46458	spyogenes	36
80	GCF_000993765.1_ASM99376v1_genomic.fna.gz	NZ_CP007537.1:598461-598756	spyogenes	28
81	GCF_000629985.1_Stre_pyog_ABC020015294_V1_genomic.fna.gz	NZ_KK213374.1:796845-797079	spyogenes	28
81	GCF_000629985.1_Stre_pyog_ABC020015294_V1_genomic.fna.gz	NZ_KK213374.1:1257173-1257468	spyogenes	28
81	GCF_000772185.1_ASM77218v1_genomic.fna.gz	NZ_CP009612.1:816312-816474	spyogenes	36
81	GCF_000772185.1_ASM77218v1_genomic.fna.gz	NZ_CP009612.1:1295934-1296232	spyogenes	36
81	GCF_000630645.1_Stre_pyog_ABC020033193_V1_genomic.fna.gz	NZ_KK213528.1:544801-544963	spyogenes	36
81	GCF_000630645.1_Stre_pyog_ABC020033193_V1_genomic.fna.gz	NZ_KK213528.1:921549-921847	spyogenes	36
82	GCF_900459865.1_41686_A01_genomic.fna.gz	NZ_UHHC01000002.1:854352-854582	spyogenes	28
83	GCF_003591635.1_ASM359163v1_genomic.fna.gz	NZ_QYUE01000003.1:102766-102928	spyogenes	52
83	GCF_003591635.1_ASM359163v1_genomic.fna.gz	NZ_QYUE01000046.1:315-476	spyogenes	52
84	GCF_900475955.1_45889_E01_genomic.fna.gz	NZ_LS483432.1:841717-842017	spyogenes	101
84	GCF_900475955.1_45889_E01_genomic.fna.gz	NZ_LS483432.1:1274443-1275137	spyogenes	101
85	GCF_000011765.3_ASM1176v2_genomic.fna.gz	NC_007297.2:779440-779674	spyogenes	28
85	GCF_000011765.3_ASM1176v2_genomic.fna.gz	NC_007297.2:1239766-1240061	spyogenes	28
85	GCF_001638885.1_ASM163888v1_genomic.fna.gz	NZ_LRHH01000009.1:246427-246728	spyogenes	182
86	GCF_001267805.1_ASM126780v1_genomic.fna.gz	NZ_CP010449.1:799213-799634	spyogenes	188
87	GCF_000628565.1_Stre_pyog_ABC020052375_V1_genomic.fna.gz	NZ_JJKQ01000001.1:781378-781612	spyogenes	28
87	GCF_000628565.1_Stre_pyog_ABC020052375_V1_genomic.fna.gz	NZ_JJKQ01000001.1:1241712-1242007	spyogenes	28
87	GCF_004028355.1_ASM402835v1_genomic.fna.gz	NZ_CP028841.1:1317643-1317938	spyogenes	28
87	GCF_000628285.1_Stre_pyog_ABC020059502_V1_genomic.fna.gz	NZ_JJKC01000001.1:796838-797072	spyogenes	28
87	GCF_000628285.1_Stre_pyog_ABC020059502_V1_genomic.fna.gz	NZ_JJKC01000001.1:1257162-1257457	spyogenes	28
87	GCF_000628065.1_Stre_pyog_ABC020049545_V1_genomic.fna.gz	NZ_JJJR01000001.1:781389-781623	spyogenes	28
87	GCF_000628065.1_Stre_pyog_ABC020049545_V1_genomic.fna.gz	NZ_JJJR01000001.1:1241699-1241994	spyogenes	28
87	GCF_000631645.1_Stre_pyog_ABC020056794_V1_genomic.fna.gz	NZ_KK213804.1:581815-581977	spyogenes	36
87	GCF_000631645.1_Stre_pyog_ABC020056794_V1_genomic.fna.gz	NZ_KK213804.1:957735-958236	spyogenes	36
87	GCF_000499245.1_SpyogGA40884v1.0_genomic.fna.gz	NZ_AWUA01000024.1:115510-115675	spyogenes	176
88	GCF_004153945.1_ASM415394v1_genomic.fna.gz	NZ_CP031638.1:1052321-1052621	spyogenes	52
88	GCF_000630625.1_Stre_pyog_ABC020033799_V1_genomic.fna.gz	NZ_KK213524.1:787609-787771	spyogenes	36
88	GCF_000630625.1_Stre_pyog_ABC020033799_V1_genomic.fna.gz	NZ_KK213524.1:1164141-1164840	spyogenes	36
89	GCF_000628105.1_Stre_pyog_ABC020052313_V1_genomic.fna.gz	NZ_JJJT01000001.1:783240-783474	spyogenes	858
89	GCF_000628105.1_Stre_pyog_ABC020052313_V1_genomic.fna.gz	NZ_JJJT01000001.1:1243563-1243858	spyogenes	858
89	GCF_000648715.1_Draft_SP8-LAU_Genome_genomic.fna.gz	NZ_AWPF01000003.1:103980-104280	spyogenes	109
90	GCF_000630465.1_Stre_pyog_ABC020047993_V1_genomic.fna.gz	NZ_KK213481.1:59970-60132	spyogenes	36
90	GCF_000630465.1_Stre_pyog_ABC020047993_V1_genomic.fna.gz	NZ_KK213481.1:436583-437422	spyogenes	36
91	GCF_000685565.1_SP3_contigs.fa_genomic.fna.gz	NZ_JHTQ01000040.1:3098-3259	spyogenes	28
92	GCF_000685565.1_SP3_contigs.fa_genomic.fna.gz	NZ_JHTQ01000067.1:52270-52573	spyogenes	28
93	GCF_001638265.1_ASM163826v1_genomic.fna.gz	NZ_LRGP01000001.1:171716-172082	spyogenes	304
93	GCF_004122715.1_ASM412271v1_genomic.fna.gz	NZ_SDMD01000009.1:88310-88610	spyogenes	989
94	GCF_900459715.1_44626_D01_genomic.fna.gz	NZ_UHGX01000003.1:1080346-1081180	spyogenes	624
95	GCF_003591155.1_ASM359115v1_genomic.fna.gz	NZ_QYUG01000002.1:352-513	spyogenes	52
95	GCF_003591155.1_ASM359115v1_genomic.fna.gz	NZ_QYUG01000006.1:13112-13274	spyogenes	52
95	GCF_000648895.1_Draft_SP10-LAU_Genome_genomic.fna.gz	NZ_AWPG01000001.1:235872-236172	spyogenes	167
96	GCF_000648895.1_Draft_SP10-LAU_Genome_genomic.fna.gz	NZ_AWPG01000004.1:45843-46667	spyogenes	167
97	GCF_000630485.1_Stre_pyog_ABC020046470_V1_genomic.fna.gz	NZ_KK213488.1:776563-776724	spyogenes	28
97	GCF_000630485.1_Stre_pyog_ABC020046470_V1_genomic.fna.gz	NZ_KK213488.1:1236816-1237111	spyogenes	28
97	GCF_900619625.1_PS006_genomic.fna.gz	NZ_LR130240.1:606147-606309	spyogenes	52
97	GCF_900619625.1_PS006_genomic.fna.gz	NZ_LR130240.1:1058147-1058447	spyogenes	52
97	GCF_004154225.1_ASM415422v1_genomic.fna.gz	NZ_CP031629.1:817968-818268	spyogenes	52
97	GCF_004154225.1_ASM415422v1_genomic.fna.gz	NZ_CP031629.1:1269979-1270141	spyogenes	52
97	GCF_900475795.1_46514_A02_genomic.fna.gz	NZ_LS483415.1:779654-780012	spyogenes	196
98	GCF_000290575.1_ASM29057v1_genomic.fna.gz	NZ_ALKD01000007.1:45696-46125	spyogenes	36
98	GCF_000290575.1_ASM29057v1_genomic.fna.gz	NZ_ALKD01000019.1:48210-48372	spyogenes	36
98	GCF_001019675.1_ASM101967v1_genomic.fna.gz	NZ_CP007561.1:573058-573421	spyogenes	334
99	GCF_900475165.1_42731_D01_genomic.fna.gz	NZ_LS483356.1:850996-851475	spyogenes	158
100	GCF_000630945.1_Stre_pyog_ABC020005887_V1_genomic.fna.gz	NZ_KK213604.1:780684-780918	spyogenes	28
100	GCF_000630945.1_Stre_pyog_ABC020005887_V1_genomic.fna.gz	NZ_KK213604.1:1241015-1241310	spyogenes	28
100	GCF_001642145.1_ASM164214v1_genomic.fna.gz	NZ_LVYM01000001.1:341737-342037	spyogenes	101
100	GCF_001642145.1_ASM164214v1_genomic.fna.gz	NZ_LVYM01000009.1:112223-113053	spyogenes	101
100	GCF_002115505.1_ASM211550v1_genomic.fna.gz	NZ_NBYV01000004.1:89454-89619	spyogenes	176
100	GCF_001638675.1_ASM163867v1_genomic.fna.gz	NZ_LRHB01000010.1:70885-71185	spyogenes	641
100	GCF_900460085.1_41906_E02_genomic.fna.gz	NZ_UHHO01000002.1:1226775-1227677	spyogenes	330
101	GCF_004010875.1_ASM401087v1_genomic.fna.gz	NZ_CP032666.1:603906-604068	spyogenes	52
101	GCF_004010875.1_ASM401087v1_genomic.fna.gz	NZ_CP032666.1:1056079-1056313	spyogenes	52
102	GCF_900475085.1_42206_C01_genomic.fna.gz	NZ_LS483347.1:658083-658377	spyogenes	59
103	GCF_000631825.1_Stre_pyog_ABC020038544_V1_genomic.fna.gz	NZ_KK213853.1:581938-582100	spyogenes	36
103	GCF_000631825.1_Stre_pyog_ABC020038544_V1_genomic.fna.gz	NZ_KK213853.1:957445-957946	spyogenes	36
103	GCF_004154265.1_ASM415426v1_genomic.fna.gz	NZ_CP031631.1:604618-604780	spyogenes	52
103	GCF_004154265.1_ASM415426v1_genomic.fna.gz	NZ_CP031631.1:1056772-1057072	spyogenes	52
103	GCF_000628845.1_Stre_pyog_ABC020050193_V1_genomic.fna.gz	NZ_JJLE01000001.1:783233-783467	spyogenes	28
103	GCF_000628845.1_Stre_pyog_ABC020050193_V1_genomic.fna.gz	NZ_JJLE01000001.1:1243567-1243862	spyogenes	28
103	GCF_001638415.1_ASM163841v1_genomic.fna.gz	NZ_LRGN01000001.1:252308-252674	spyogenes	304
103	GCF_000648815.1_Draft_SP4-LAU_Genome_genomic.fna.gz	NZ_AWPB01000002.1:1272-1572	spyogenes	52
104	GCF_000648815.1_Draft_SP4-LAU_Genome_genomic.fna.gz	NZ_AWPB01000007.1:13134-13296	spyogenes	52
104	GCF_900475525.1_44738_D02_genomic.fna.gz	NZ_LS483384.1:962148-963042	spyogenes	89
105	GCF_000631665.1_Stre_pyog_ABC020048262_V1_genomic.fna.gz	NZ_KK213809.1:542344-542506	spyogenes	36
105	GCF_000631665.1_Stre_pyog_ABC020048262_V1_genomic.fna.gz	NZ_KK213809.1:920137-920836	spyogenes	36
105	GCF_000454105.1_SpyogUTMEM-1v1.0_genomic.fna.gz	NZ_AVCF01000047.1:398-698	spyogenes	52
105	GCF_000454105.1_SpyogUTMEM-1v1.0_genomic.fna.gz	NZ_AVCF01000054.1:99931-100093	spyogenes	52
105	GCF_001267845.1_ASM126784v1_genomic.fna.gz	NZ_CP010450.1:769935-770236	spyogenes	182
105	GCF_000628045.1_Stre_pyog_ABC020048503_V1_genomic.fna.gz	NZ_JJJQ01000001.1:799504-799738	spyogenes	28
105	GCF_000628045.1_Stre_pyog_ABC020048503_V1_genomic.fna.gz	NZ_JJJQ01000001.1:1259828-1260123	spyogenes	28
105	GCF_000630205.1_Stre_pyog_ABC020005405_V1_genomic.fna.gz	NZ_KK213420.1:543918-544080	spyogenes	36
105	GCF_000630205.1_Stre_pyog_ABC020005405_V1_genomic.fna.gz	NZ_KK213420.1:973042-973741	spyogenes	36
105	GCF_001982785.1_ASM198278v1_genomic.fna.gz	NZ_MLGC01000012.1:65122-65417	spyogenes	28
105	GCF_000628445.1_Stre_pyog_ABC020032057_V1_genomic.fna.gz	NZ_JJKK01000001.1:507283-507444	spyogenes	28
106	GCF_000628445.1_Stre_pyog_ABC020032057_V1_genomic.fna.gz	NZ_JJKK01000001.1:967537-967832	spyogenes	28
106	GCF_001638545.1_ASM163854v1_genomic.fna.gz	NZ_LRGU01000008.1:246427-246728	spyogenes	182
106	GCF_900474765.1_41800_G01_genomic.fna.gz	NZ_LS483321.1:609233-609594	spyogenes	157
107	GCF_900474765.1_41800_G01_genomic.fna.gz	NZ_LS483321.1:1038319-1038751	spyogenes	157
108	GCF_000631585.1_Stre_pyog_ABC020062601_V1_genomic.fna.gz	NZ_KK213790.1:544848-545010	spyogenes	36
108	GCF_000631585.1_Stre_pyog_ABC020062601_V1_genomic.fna.gz	NZ_KK213790.1:921266-922168	spyogenes	36
109	GCF_900475175.1_42912_A02_genomic.fna.gz	NZ_LS483360.1:576944-577109	spyogenes	176
110	GCF_000629645.1_Stre_pyog_ABC020054973_V1_genomic.fna.gz	NZ_KK213300.1:582506-582668	spyogenes	36
110	GCF_000629645.1_Stre_pyog_ABC020054973_V1_genomic.fna.gz	NZ_KK213300.1:958097-958598	spyogenes	36
110	GCF_002163545.1_ASM216354v1_genomic.fna.gz	NZ_CP014542.1:1327819-1328048	spyogenes	150
110	GCF_900475135.1_41906_H02_genomic.fna.gz	NZ_LS483355.1:770395-770761	spyogenes	407
111	GCF_900475135.1_41906_H02_genomic.fna.gz	NZ_LS483355.1:1147057-1147889	spyogenes	407
112	GCF_000648835.2_Draft_SP5-LAU_Genome_genomic.fna.gz	NZ_AWPC01000001.1:467996-468230	spyogenes	28
112	GCF_000648835.2_Draft_SP5-LAU_Genome_genomic.fna.gz	NZ_AWPC01000004.1:72984-73279	spyogenes	28
112	GCF_000630885.1_Stre_pyog_ABC020014529_V1_genomic.fna.gz	NZ_KK213587.1:581830-581992	spyogenes	36
112	GCF_000630885.1_Stre_pyog_ABC020014529_V1_genomic.fna.gz	NZ_KK213587.1:957635-958136	spyogenes	36
112	GCF_000629885.1_Stre_pyog_ABC020032183_V1_genomic.fna.gz	NZ_KK213352.1:546019-546181	spyogenes	36
112	GCF_000629885.1_Stre_pyog_ABC020032183_V1_genomic.fna.gz	NZ_KK213352.1:922659-923093	spyogenes	36
113	GCF_000629885.1_Stre_pyog_ABC020032183_V1_genomic.fna.gz	NZ_KK213352.1:923244-923678	spyogenes	36
114	GCF_000631725.1_Stre_pyog_ABC020046158_V1_genomic.fna.gz	NZ_KK213822.1:545516-545678	spyogenes	36
114	GCF_000631725.1_Stre_pyog_ABC020046158_V1_genomic.fna.gz	NZ_KK213822.1:968882-969112	spyogenes	36
115	GCF_000483585.1_SpyogGA41394v1.0_genomic.fna.gz	NZ_AWTJ01000028.1:15948-16206	spyogenes	1087
116	GCF_001535565.1_ASM153556v1_genomic.fna.gz	NZ_CP014139.1:604492-604654	spyogenes	52
116	GCF_001535565.1_ASM153556v1_genomic.fna.gz	NZ_CP014139.1:1097849-1098084	spyogenes	52
117	GCF_001021955.1_ASM102195v1_genomic.fna.gz	NZ_CP008776.1:598748-599043	spyogenes	28
117	GCF_001021955.1_ASM102195v1_genomic.fna.gz	NZ_CP008776.1:1059133-1059367	spyogenes	28
117	GCF_000629685.1_Stre_pyog_ABC020052543_V1_genomic.fna.gz	NZ_KK213307.1:796860-797094	spyogenes	28
117	GCF_000629685.1_Stre_pyog_ABC020052543_V1_genomic.fna.gz	NZ_KK213307.1:1257433-1257728	spyogenes	28
117	GCF_000767505.1_ASM76750v1_genomic.fna.gz	NZ_CP007240.1:751065-751629	spyogenes	5
118	GCF_000648795.1_Draft_SP3-LAU_Genome_genomic.fna.gz	NZ_AWPA01000001.1:410540-410840	spyogenes	101
118	GCF_000648795.1_Draft_SP3-LAU_Genome_genomic.fna.gz	NZ_AWPA01000004.1:142142-142509	spyogenes	101
119	GCF_004193935.1_ASM419393v1_genomic.fna.gz	NZ_CP031738.1:1276446-1276810	spyogenes	36
119	GCF_000629905.1_Stre_pyog_ABC020031898_V1_genomic.fna.gz	NZ_KK213356.1:545775-545937	spyogenes	36
119	GCF_000629905.1_Stre_pyog_ABC020031898_V1_genomic.fna.gz	NZ_KK213356.1:922668-923367	spyogenes	36
119	GCF_001635935.1_ASM163593v1_genomic.fna.gz	NZ_CP013839.1:756937-757303	spyogenes	101
120	GCF_001635935.1_ASM163593v1_genomic.fna.gz	NZ_CP013839.1:1147957-1148191	spyogenes	101
121	GCF_001640945.2_ASM164094v2_genomic.fna.gz	NZ_CP014278.2:1264177-1264411	spyogenes	44
122	GCF_000631705.1_Stre_pyog_ABC020046559_V1_genomic.fna.gz	NZ_KK213819.1:1156599-1157100	spyogenes	36
122	GCF_000772245.1_ASM77224v1_genomic.fna.gz	NZ_CP007241.1:828632-829328	spyogenes	178
123	GCF_000772245.1_ASM77224v1_genomic.fna.gz	NZ_CP007241.1:1231089-1231325	spyogenes	178
124	GCF_000631765.1_Stre_pyog_ABC020054184_V1_genomic.fna.gz	NZ_KK213836.1:581939-582101	spyogenes	36
124	GCF_000631765.1_Stre_pyog_ABC020054184_V1_genomic.fna.gz	NZ_KK213836.1:957785-958286	spyogenes	36
124	GCF_000630145.1_Stre_pyog_ABC020007794_V1_genomic.fna.gz	NZ_KK213406.1:544807-544969	spyogenes	36
124	GCF_000630145.1_Stre_pyog_ABC020007794_V1_genomic.fna.gz	NZ_KK213406.1:921415-922114	spyogenes	36
124	GCF_000628085.1_Stre_pyog_ABC020052309_V1_genomic.fna.gz	NZ_JJJS01000001.1:783244-783478	spyogenes	28
124	GCF_000628085.1_Stre_pyog_ABC020052309_V1_genomic.fna.gz	NZ_JJJS01000001.1:1243568-1243863	spyogenes	28
124	GCF_000630045.1_Stre_pyog_ABC020015277_V1_genomic.fna.gz	NZ_KK213384.1:538956-539118	spyogenes	36
124	GCF_000630045.1_Stre_pyog_ABC020015277_V1_genomic.fna.gz	NZ_KK213384.1:915730-916032	spyogenes	36
125	GCF_000628605.1_Stre_pyog_ABC020052877_V1_genomic.fna.gz	NZ_JJKS01000001.1:508629-508863	spyogenes	28
125	GCF_000628605.1_Stre_pyog_ABC020052877_V1_genomic.fna.gz	NZ_JJKS01000001.1:968954-969249	spyogenes	28
125	GCF_004154365.1_ASM415436v1_genomic.fna.gz	NZ_CP031632.1:605330-605492	spyogenes	52
125	GCF_004154365.1_ASM415436v1_genomic.fna.gz	NZ_CP031632.1:1057366-1057600	spyogenes	52
125	GCF_900475705.1_44858_B01_genomic.fna.gz	NZ_LS483407.1:781239-781605	spyogenes	1088
126	GCF_000630765.1_Stre_pyog_ABC020029711_V1_genomic.fna.gz	NZ_KK213558.1:798134-798368	spyogenes	28
126	GCF_000630765.1_Stre_pyog_ABC020029711_V1_genomic.fna.gz	NZ_KK213558.1:1258458-1258753	spyogenes	28
126	GCF_000630385.1_Stre_pyog_ABC020050731_V1_genomic.fna.gz	NZ_KK213461.1:542954-543116	spyogenes	36
126	GCF_000630385.1_Stre_pyog_ABC020050731_V1_genomic.fna.gz	NZ_KK213461.1:919693-920258	spyogenes	36
127	GCF_000631685.1_Stre_pyog_ABC020046534_V1_genomic.fna.gz	NZ_KK213813.1:583459-583621	spyogenes	36
127	GCF_000631685.1_Stre_pyog_ABC020046534_V1_genomic.fna.gz	NZ_KK213813.1:959217-959448	spyogenes	36
128	GCF_000631625.1_Stre_pyog_ABC020060220_V1_genomic.fna.gz	NZ_KK213801.1:584601-584763	spyogenes	36
128	GCF_000631625.1_Stre_pyog_ABC020060220_V1_genomic.fna.gz	NZ_KK213801.1:960465-960966	spyogenes	36
128	GCF_001642265.1_ASM164226v1_genomic.fna.gz	NZ_LVYT01000029.1:95783-96144	spyogenes	39
128	GCF_002115465.1_ASM211546v1_genomic.fna.gz	NZ_NBYT01000012.1:45873-46363	spyogenes	59
129	GCF_004154045.1_ASM415404v1_genomic.fna.gz	NZ_CP031618.1:605065-605227	spyogenes	52
129	GCF_004154045.1_ASM415404v1_genomic.fna.gz	NZ_CP031618.1:1111312-1111612	spyogenes	52
129	GCF_004154025.1_ASM415402v1_genomic.fna.gz	NZ_CP031617.1:646347-646509	spyogenes	458
129	GCF_004154025.1_ASM415402v1_genomic.fna.gz	NZ_CP031617.1:1098335-1098635	spyogenes	458
129	GCF_900106415.1_SP_ISR10_genomic.fna.gz	NZ_FNMG01000016.1:142187-143083	spyogenes	101
129	GCF_900106415.1_SP_ISR10_genomic.fna.gz	NZ_FNMG01000008.1:382553-382853	spyogenes	101
129	GCF_900474885.1_41851_E01_genomic.fna.gz	NZ_LS483336.1:1251123-1251482	spyogenes	44
130	GCF_000631505.1_Stre_pyog_ABC020033919_V1_genomic.fna.gz	NZ_KK213767.1:545049-545211	spyogenes	36
130	GCF_000631505.1_Stre_pyog_ABC020033919_V1_genomic.fna.gz	NZ_KK213767.1:921506-922205	spyogenes	36
130	GCF_000499165.1_SpyogGA16797v1.0_genomic.fna.gz	NZ_AWUD01000008.1:102133-103035	spyogenes	624
131	GCF_000630585.1_Stre_pyog_ABC020039391_V1_genomic.fna.gz	NZ_KK213515.1:539456-539618	spyogenes	36
131	GCF_000630585.1_Stre_pyog_ABC020039391_V1_genomic.fna.gz	NZ_KK213515.1:960294-960723	spyogenes	36
131	GCF_000685505.1_SP2_contigs.fa_genomic.fna.gz	NZ_JHTP01000063.1:102045-102203	spyogenes	28
132	GCF_000685505.1_SP2_contigs.fa_genomic.fna.gz	NZ_JHTP01000078.1:1615-1849	spyogenes	28
133	GCF_900106465.1_SP_ISR9_genomic.fna.gz	NZ_FNMF01000018.1:102280-102442	spyogenes	458
133	GCF_900106465.1_SP_ISR9_genomic.fna.gz	NZ_FNMF01000009.1:503837-504336	spyogenes	458
134	GCF_900475425.1_43908_F01_genomic.fna.gz	NZ_LS483379.1:786542-786975	spyogenes	126
135	GCF_002268555.1_ASM226855v1_genomic.fna.gz	NZ_NGQO01000001.1:268918-269152	spyogenes	28
135	GCF_002268555.1_ASM226855v1_genomic.fna.gz	NZ_NGQO01000004.1:46057-46352	spyogenes	28
135	GCF_003812645.1_ASM381264v1_genomic.fna.gz	NZ_CP033767.1:886082-886244	spyogenes	36
135	GCF_003812645.1_ASM381264v1_genomic.fna.gz	NZ_CP033767.1:1263000-1263432	spyogenes	36
136	GCF_900475645.1_44927_B01_genomic.fna.gz	NZ_LS483401.1:816142-816304	spyogenes	36
136	GCF_900475645.1_44927_B01_genomic.fna.gz	NZ_LS483401.1:1191903-1192134	spyogenes	36
136	GCF_003594825.1_ASM359482v1_genomic.fna.gz	NZ_QZEU01000002.1:352-513	spyogenes	52
136	GCF_003594825.1_ASM359482v1_genomic.fna.gz	NZ_QZEU01000006.1:102765-102927	spyogenes	52
136	GCF_003814365.1_ASM381436v1_genomic.fna.gz	NZ_CP033907.1:1333625-1333986	spyogenes	39
136	GCF_001638525.1_ASM163852v1_genomic.fna.gz	NZ_LRGQ01000001.1:379678-380044	spyogenes	304
136	GCF_000631845.1_Stre_pyog_ABC020060777_V1_genomic.fna.gz	NZ_KK213858.1:544313-544475	spyogenes	36
136	GCF_000631845.1_Stre_pyog_ABC020060777_V1_genomic.fna.gz	NZ_KK213858.1:921047-921746	spyogenes	36
136	GCF_000349925.2_ASM34992v2_genomic.fna.gz	NC_020540.2:798182-798416	spyogenes	28
136	GCF_000349925.2_ASM34992v2_genomic.fna.gz	NC_020540.2:1258506-1258801	spyogenes	28
136	GCF_000630745.1_Stre_pyog_ABC020029793_V1_genomic.fna.gz	NZ_KK213555.1:773382-773544	spyogenes	36
136	GCF_000630745.1_Stre_pyog_ABC020029793_V1_genomic.fna.gz	NZ_KK213555.1:1150451-1150952	spyogenes	36
136	GCF_001638655.1_ASM163865v1_genomic.fna.gz	NZ_LRGY01000017.1:102201-103037	spyogenes	974
136	GCF_000631745.1_Stre_pyog_ABC020064181_V1_genomic.fna.gz	NZ_KK213830.1:739888-740050	spyogenes	36
136	GCF_000631745.1_Stre_pyog_ABC020064181_V1_genomic.fna.gz	NZ_KK213830.1:1115613-1116114	spyogenes	36
136	GCF_000631485.1_Stre_pyog_ABC020035446_V1_genomic.fna.gz	NZ_KK213763.1:731039-731201	spyogenes	36
136	GCF_000631485.1_Stre_pyog_ABC020035446_V1_genomic.fna.gz	NZ_KK213763.1:1107484-1108183	spyogenes	36
136	GCF_000685545.1_SP4_contigs.fa_genomic.fna.gz	NZ_JHTO01000019.1:205529-205763	spyogenes	28
137	GCF_000685545.1_SP4_contigs.fa_genomic.fna.gz	NZ_JHTO01000050.1:45625-45783	spyogenes	28
138	GCF_000630305.1_Stre_pyog_ABC020054871_V1_genomic.fna.gz	NZ_KK213442.1:542953-543115	spyogenes	36
138	GCF_000630305.1_Stre_pyog_ABC020054871_V1_genomic.fna.gz	NZ_KK213442.1:920834-921333	spyogenes	36
139	GCF_003597545.1_ASM359754v1_genomic.fna.gz	NZ_QYUF01000004.1:352-513	spyogenes	52
139	GCF_003597545.1_ASM359754v1_genomic.fna.gz	NZ_QYUF01000006.1:13015-13177	spyogenes	52
139	GCF_004154205.1_ASM415420v1_genomic.fna.gz	NZ_CP031628.1:605288-605450	spyogenes	52
139	GCF_004154205.1_ASM415420v1_genomic.fna.gz	NZ_CP031628.1:1055881-1056181	spyogenes	52
139	GCF_000630165.1_Stre_pyog_ABC020006309_V1_genomic.fna.gz	NZ_KK213412.1:540261-540423	spyogenes	36
139	GCF_000630165.1_Stre_pyog_ABC020006309_V1_genomic.fna.gz	NZ_KK213412.1:916584-917013	spyogenes	36
139	GCF_000628125.1_Stre_pyog_ABC020052980_V1_genomic.fna.gz	NZ_JJJU01000001.1:783244-783478	spyogenes	28
139	GCF_000628125.1_Stre_pyog_ABC020052980_V1_genomic.fna.gz	NZ_JJJU01000001.1:1243568-1243863	spyogenes	28
139	GCF_900475335.1_42912_D01_genomic.fna.gz	NZ_LS483520.1:801661-802489	spyogenes	55
140	GCF_900475335.1_42912_D01_genomic.fna.gz	NZ_LS483520.1:1251282-1251645	spyogenes	55
141	GCF_900474815.1_41800_F01_genomic.fna.gz	NZ_LS483323.1:572030-572530	spyogenes	36
142	GCF_900474815.1_41800_F01_genomic.fna.gz	NZ_LS483323.1:947989-948224	spyogenes	36
143	GCF_000631785.1_Stre_pyog_ABC020053060_V1_genomic.fna.gz	NZ_KK213842.1:541015-541177	spyogenes	36
143	GCF_000631785.1_Stre_pyog_ABC020053060_V1_genomic.fna.gz	NZ_KK213842.1:964396-964893	spyogenes	36
144	GCF_004154285.1_ASM415428v1_genomic.fna.gz	NZ_CP031633.1:1055521-1055821	spyogenes	456
145	GCF_900475115.1_42197_A01_genomic.fna.gz	NZ_LS483357.1:562574-562935	spyogenes	38
146	GCF_004154085.1_ASM415408v1_genomic.fna.gz	NZ_CP031621.1:605805-605967	spyogenes	52
146	GCF_004154085.1_ASM415408v1_genomic.fna.gz	NZ_CP031621.1:1057802-1058102	spyogenes	52
146	GCF_000630265.1_Stre_pyog_ABC020056885_V1_genomic.fna.gz	NZ_KK213435.1:799942-800176	spyogenes	28
146	GCF_000630265.1_Stre_pyog_ABC020056885_V1_genomic.fna.gz	NZ_KK213435.1:1260268-1260563	spyogenes	28
146	GCF_900108785.1_PEI-B-P-20_genomic.fna.gz	NZ_FUVE01000028.1:6110-6344	spyogenes	28
146	GCF_900108785.1_PEI-B-P-20_genomic.fna.gz	NZ_FUVE01000001.1:66844-67139	spyogenes	28
146	GCF_000631425.1_Stre_pyog_ABC020056020_V1_genomic.fna.gz	NZ_KK213748.1:792585-792819	spyogenes	28
146	GCF_000631425.1_Stre_pyog_ABC020056020_V1_genomic.fna.gz	NZ_KK213748.1:1252908-1253203	spyogenes	28
146	GCF_000628705.1_Stre_pyog_ABC020017774_V1_genomic.fna.gz	NZ_JJKX01000001.1:780060-780294	spyogenes	28
146	GCF_000628705.1_Stre_pyog_ABC020017774_V1_genomic.fna.gz	NZ_JJKX01000001.1:1241710-1242005	spyogenes	28
146	GCF_001039695.1_emm89-1_genomic.fna.gz	NZ_HG316453.1:770898-771264	spyogenes	101
146	GCF_001039695.1_emm89-1_genomic.fna.gz	NZ_HG316453.1:1161891-1162786	spyogenes	101
147	GCF_000631605.1_Stre_pyog_ABC020062474_V1_genomic.fna.gz	NZ_KK213796.1:581937-582099	spyogenes	36
147	GCF_000631605.1_Stre_pyog_ABC020062474_V1_genomic.fna.gz	NZ_KK213796.1:957485-957918	spyogenes	36
148	GCF_000628465.1_Stre_pyog_ABC020032535_V1_genomic.fna.gz	NZ_JJKL01000001.1:780052-780286	spyogenes	28
148	GCF_000628465.1_Stre_pyog_ABC020032535_V1_genomic.fna.gz	NZ_JJKL01000001.1:1240375-1240670	spyogenes	28
148	GCF_000628725.1_Stre_pyog_ABC020021452_V1_genomic.fna.gz	NZ_JJKY01000001.1:780045-780279	spyogenes	28
148	GCF_000628725.1_Stre_pyog_ABC020021452_V1_genomic.fna.gz	NZ_JJKY01000001.1:1240369-1240664	spyogenes	28
148	GCF_001638275.1_ASM163827v1_genomic.fna.gz	NZ_LRGR01000016.1:65201-65366	spyogenes	176
148	GCF_001638645.1_ASM163864v1_genomic.fna.gz	NZ_LRGZ01000027.1:126532-126697	spyogenes	176
148	GCF_000628505.1_Stre_pyog_ABC020048606_V1_genomic.fna.gz	NZ_JJKN01000001.1:774326-774488	spyogenes	36
148	GCF_000628505.1_Stre_pyog_ABC020048606_V1_genomic.fna.gz	NZ_JJKN01000001.1:1150133-1150497	spyogenes	36
148	GCF_900459805.1_43024_C01_genomic.fna.gz	NZ_UHHA01000002.1:806333-806633	spyogenes	33
149	GCF_004118185.1_ASM411818v1_genomic.fna.gz	NZ_RIZE01000005.1:45308-45466	spyogenes	28
149	GCF_000630025.1_Stre_pyog_ABC020015285_V1_genomic.fna.gz	NZ_KK213378.1:637196-637431	spyogenes	36
150	GCF_000630025.1_Stre_pyog_ABC020015285_V1_genomic.fna.gz	NZ_KK213378.1:1014463-1014964	spyogenes	36
150	GCF_001023495.1_ASM102349v1_genomic.fna.gz	NZ_CP011068.1:776960-777260	spyogenes	52
150	GCF_001023495.1_ASM102349v1_genomic.fna.gz	NZ_CP011068.1:1325609-1325771	spyogenes	52
150	GCF_000499145.1_SpyogGA03747v1.0_genomic.fna.gz	NZ_AWUB01000052.1:63484-63843	spyogenes	44
150	GCF_000628385.1_Stre_pyog_ABC020006715_V1_genomic.fna.gz	NZ_JJKH01000001.1:796839-797073	spyogenes	28
150	GCF_000628385.1_Stre_pyog_ABC020006715_V1_genomic.fna.gz	NZ_JJKH01000001.1:1258156-1258451	spyogenes	28
150	GCF_000307535.1_ASM30753v1_genomic.fna.gz	NC_018936.1:778105-778339	spyogenes	28
150	GCF_000307535.1_ASM30753v1_genomic.fna.gz	NC_018936.1:1238425-1238720	spyogenes	28
150	GCF_000629705.1_Stre_pyog_ABC020052291_V1_genomic.fna.gz	NZ_KK213309.1:796921-797155	spyogenes	28
150	GCF_000629705.1_Stre_pyog_ABC020052291_V1_genomic.fna.gz	NZ_KK213309.1:1257486-1257781	spyogenes	28
150	GCF_900475565.1_42912_A01_genomic.fna.gz	NZ_LS483394.1:772729-773095	spyogenes	2
151	GCF_001638335.1_ASM163833v1_genomic.fna.gz	NZ_LRGF01000021.1:45468-46304	spyogenes	974
152	GCF_000631385.1_Stre_pyog_ABC020057288_V1_genomic.fna.gz	NZ_KK213743.1:508631-508865	spyogenes	28
152	GCF_000631385.1_Stre_pyog_ABC020057288_V1_genomic.fna.gz	NZ_KK213743.1:931035-931330	spyogenes	28
152	GCF_900474745.1_41800_E02_genomic.fna.gz	NZ_LS483315.1:569204-569633	spyogenes	132
153	GCF_900474745.1_41800_E02_genomic.fna.gz	NZ_LS483315.1:987062-987296	spyogenes	132
154	GCF_000631945.1_Stre_pyog_ABC020047086_V1_genomic.fna.gz	NZ_KK213886.1:539202-539364	spyogenes	36
154	GCF_000631945.1_Stre_pyog_ABC020047086_V1_genomic.fna.gz	NZ_KK213886.1:916009-916708	spyogenes	36
154	GCF_002872295.1_ASM287229v1_genomic.fna.gz	NZ_NIYY01000013.1:36459-36691	spyogenes	55
155	GCF_002872295.1_ASM287229v1_genomic.fna.gz	NZ_NIYY01000001.1:249005-249166	spyogenes	55
156	GCF_900459785.1_43908_C01_genomic.fna.gz	NZ_UHGY01000002.1:606781-607076	spyogenes	52
157	GCF_900459785.1_43908_C01_genomic.fna.gz	NZ_UHGY01000002.1:1048093-1048327	spyogenes	52
158	GCF_004135875.1_ASM413587v1_genomic.fna.gz	NZ_CP033621.1:1247864-1248093	spyogenes	150
158	GCF_002355815.1_ASM235581v1_genomic.fna.gz	NZ_AP017629.1:791393-791693	spyogenes	101
158	GCF_002355815.1_ASM235581v1_genomic.fna.gz	NZ_AP017629.1:1182156-1182520	spyogenes	101
159	GCF_000732345.1_ASM73234v1_genomic.fna.gz	NZ_CP007023.1:750972-751536	spyogenes	5
159	GCF_000628745.1_Stre_pyog_ABC020041397_V1_genomic.fna.gz	NZ_JJKZ01000001.1:796850-797084	spyogenes	28
159	GCF_000628745.1_Stre_pyog_ABC020041397_V1_genomic.fna.gz	NZ_JJKZ01000001.1:1257174-1257469	spyogenes	28
159	GCF_004154185.1_ASM415418v1_genomic.fna.gz	NZ_CP031627.1:604680-604842	spyogenes	52
159	GCF_004154185.1_ASM415418v1_genomic.fna.gz	NZ_CP031627.1:1056824-1057124	spyogenes	52
159	GCF_004154325.1_ASM415432v1_genomic.fna.gz	NZ_CP031620.1:606239-606401	spyogenes	458
159	GCF_004154325.1_ASM415432v1_genomic.fna.gz	NZ_CP031620.1:1058242-1058542	spyogenes	458
159	GCF_001019695.1_ASM101969v1_genomic.fna.gz	NZ_CP007562.1:949805-950369	spyogenes	5
160	GCF_002014815.1_ASM201481v1_genomic.fna.gz	NZ_MUYP01000003.1:245469-245901	spyogenes	28
161	GCF_002014815.1_ASM201481v1_genomic.fna.gz	NZ_MUYP01000011.1:13155-13386	spyogenes	28
162	GCF_900475155.1_41975_A01_genomic.fna.gz	NZ_LS483359.1:799203-799569	spyogenes	184
163	GCF_900475155.1_41975_A01_genomic.fna.gz	NZ_LS483359.1:1191590-1192089	spyogenes	184
164	GCF_000628785.1_Stre_pyog_ABC020046688_V1_genomic.fna.gz	NZ_JJLB01000001.1:781389-781626	spyogenes	28
165	GCF_000628785.1_Stre_pyog_ABC020046688_V1_genomic.fna.gz	NZ_JJLB01000001.1:1241718-1242013	spyogenes	28
165	GCF_000483625.1_SpyogGA03805v1.0_genomic.fna.gz	NZ_AWTL01000011.1:41980-42413	spyogenes	4
166	GCF_000631905.1_Stre_pyog_ABC020047635_V1_genomic.fna.gz	NZ_KK213877.1:582493-582655	spyogenes	36
166	GCF_000631905.1_Stre_pyog_ABC020047635_V1_genomic.fna.gz	NZ_KK213877.1:958372-958873	spyogenes	36
166	GCF_001642215.1_ASM164221v1_genomic.fna.gz	NZ_LVYO01000001.1:359933-360233	spyogenes	101
166	GCF_001642215.1_ASM164221v1_genomic.fna.gz	NZ_LVYO01000014.1:141943-142839	spyogenes	101
166	GCF_001559175.2_ASM155917v2_genomic.fna.gz	NZ_CP014027.2:1340623-1340918	spyogenes	28
166	GCF_001559175.2_ASM155917v2_genomic.fna.gz	NZ_CP014027.2:1802082-1802316	spyogenes	28
166	GCF_000629745.1_Stre_pyog_ABC020048184_V1_genomic.fna.gz	NZ_KK213318.1:541135-541297	spyogenes	36
166	GCF_000629745.1_Stre_pyog_ABC020048184_V1_genomic.fna.gz	NZ_KK213318.1:917725-918424	spyogenes	36
166	GCF_002557755.1_ASM255775v1_genomic.fna.gz	NZ_CP023769.1:777016-777250	spyogenes	52
167	GCF_002557755.1_ASM255775v1_genomic.fna.gz	NZ_CP023769.1:1229006-1229168	spyogenes	52
167	GCF_004010855.1_ASM401085v1_genomic.fna.gz	NZ_CP032665.1:604803-604965	spyogenes	52
167	GCF_004010855.1_ASM401085v1_genomic.fna.gz	NZ_CP032665.1:1056897-1057131	spyogenes	52
167	GCF_001642125.1_ASM164212v1_genomic.fna.gz	NZ_LVYQ01000007.1:33925-36142	spyogenes	101
168	GCF_004154005.1_ASM415400v1_genomic.fna.gz	NZ_CP031640.1:777235-777535	spyogenes	52
168	GCF_004154005.1_ASM415400v1_genomic.fna.gz	NZ_CP031640.1:1297233-1297395	spyogenes	52
168	GCF_000013485.1_ASM1348v1_genomic.fna.gz	NC_008021.1:858575-858737	spyogenes	36
168	GCF_000013485.1_ASM1348v1_genomic.fna.gz	NC_008021.1:1234059-1234560	spyogenes	36
168	GCF_000628645.1_Stre_pyog_ABC020056883_V1_genomic.fna.gz	NZ_JJKU01000001.1:508629-508863	spyogenes	28
168	GCF_000628645.1_Stre_pyog_ABC020056883_V1_genomic.fna.gz	NZ_JJKU01000001.1:930992-931287	spyogenes	28
168	GCF_000250925.1_ASM25092v1_genomic.fna.gz	NC_017053.1:781760-781994	spyogenes	172
169	GCF_000630905.1_Stre_pyog_ABC020013952_V1_genomic.fna.gz	NZ_KK213592.1:582506-582668	spyogenes	36
169	GCF_000630905.1_Stre_pyog_ABC020013952_V1_genomic.fna.gz	NZ_KK213592.1:958180-958681	spyogenes	36
169	GCF_000628805.1_Stre_pyog_ABC020046986_V1_genomic.fna.gz	NZ_JJLC01000001.1:780027-780261	spyogenes	28
169	GCF_000628805.1_Stre_pyog_ABC020046986_V1_genomic.fna.gz	NZ_JJLC01000001.1:1240352-1240647	spyogenes	28
169	GCF_002115485.1_ASM211548v1_genomic.fna.gz	NZ_NBYU01000017.1:45648-45878	spyogenes	53
170	GCF_900474945.1_42017_E01_genomic.fna.gz	NZ_LS483521.1:781855-782220	spyogenes	75
171	GCF_900474945.1_42017_E01_genomic.fna.gz	NZ_LS483521.1:1222798-1223032	spyogenes	75
