1	GCF_002094475.1_ASM209447v1_genomic.fna.gz	NZ_MBRO01000004.1:52703-53585	cronobacter	4
2	GCF_002094475.1_ASM209447v1_genomic.fna.gz	NZ_MBRO01000004.1:79983-80439	cronobacter	4
3	GCF_001277235.1_ASM127723v1_genomic.fna.gz	NZ_CP012266.1:1116362-1117367	cronobacter	106
4	GCF_001277235.1_ASM127723v1_genomic.fna.gz	NZ_CP012266.1:1143818-1144884	cronobacter	106
5	GCF_002101445.1_ASM210144v1_genomic.fna.gz	NZ_NCTU01000005.1:195201-195657	cronobacter	83
6	GCF_002101445.1_ASM210144v1_genomic.fna.gz	NZ_NCTU01000005.1:221326-221905	cronobacter	83
7	GCF_003206365.1_ASM320636v1_genomic.fna.gz	NZ_QISN01000007.1:1245-2067	cronobacter	13
8	GCF_003206365.1_ASM320636v1_genomic.fna.gz	NZ_QISN01000007.1:29079-29718	cronobacter	13
9	GCF_001309155.1_ASM130915v1_genomic.fna.gz	NZ_JOLN01000001.1:76826-77214	cronobacter	12
10	GCF_001309155.1_ASM130915v1_genomic.fna.gz	NZ_JOLN01000020.1:8268-8786	cronobacter	12
11	GCF_001309155.1_ASM130915v1_genomic.fna.gz	NZ_JOLN01000023.1:18652-19352	cronobacter	12
12	GCF_001309435.1_ASM130943v1_genomic.fna.gz	NZ_LCWW01000002.1:77555-78925	cronobacter	4
13	GCF_001309435.1_ASM130943v1_genomic.fna.gz	NZ_LCWW01000002.1:105324-105780	cronobacter	4
13	GCF_002974985.1_ASM297498v1_genomic.fna.gz	NZ_PVDI01000003.1:114466-115227	cronobacter	73
14	GCF_002974985.1_ASM297498v1_genomic.fna.gz	NZ_PVDI01000003.1:142233-143055	cronobacter	73
15	GCF_002974505.1_ASM297450v1_genomic.fna.gz	NZ_PVCH01000015.1:26358-27425	cronobacter	64
16	GCF_002974505.1_ASM297450v1_genomic.fna.gz	NZ_PVCH01000017.1:31-2378	cronobacter	64
17	GCF_002977215.1_ASM297721v1_genomic.fna.gz	NZ_NRKS01000010.1:178573-179152	cronobacter	157
18	GCF_002977215.1_ASM297721v1_genomic.fna.gz	NZ_NRKS01000019.1:44709-45409	cronobacter	157
19	GCF_002977215.1_ASM297721v1_genomic.fna.gz	NZ_NRKS01000019.1:71708-72039	cronobacter	157
20	GCF_002977215.1_ASM297721v1_genomic.fna.gz	NZ_NRKS01000026.1:42-428	cronobacter	157
21	GCF_002977215.1_ASM297721v1_genomic.fna.gz	NZ_NRKS01000029.1:41-249	cronobacter	157
22	GCF_002977215.1_ASM297721v1_genomic.fna.gz	NZ_NRKS01000029.1:8959-9108	cronobacter	157
23	GCF_002977215.1_ASM297721v1_genomic.fna.gz	NZ_NRKS01000004.1:249541-249809	cronobacter	157
24	GCF_002976875.1_ASM297687v1_genomic.fna.gz	NZ_NRKB01000019.1:69983-70131	cronobacter	148
25	GCF_002976875.1_ASM297687v1_genomic.fna.gz	NZ_NRKB01000032.1:46140-46474	cronobacter	148
26	GCF_002976875.1_ASM297687v1_genomic.fna.gz	NZ_NRKB01000054.1:34-734	cronobacter	148
27	GCF_002976875.1_ASM297687v1_genomic.fna.gz	NZ_NRKB01000054.1:26569-26897	cronobacter	148
28	GCF_002976875.1_ASM297687v1_genomic.fna.gz	NZ_NRKB01000065.1:17293-17744	cronobacter	148
29	GCF_002976875.1_ASM297687v1_genomic.fna.gz	NZ_NRKB01000080.1:43-191	cronobacter	148
30	GCF_002976875.1_ASM297687v1_genomic.fna.gz	NZ_NRKB01000080.1:8901-9113	cronobacter	148
31	GCF_002976875.1_ASM297687v1_genomic.fna.gz	NZ_NRKB01000094.1:4579-5034	cronobacter	148
32	GCF_002977115.1_ASM297711v1_genomic.fna.gz	NZ_NRKN01000013.1:5988-7055	cronobacter	50
33	GCF_002977115.1_ASM297711v1_genomic.fna.gz	NZ_NRKN01000013.1:33342-34895	cronobacter	50
34	GCF_002974955.1_ASM297495v1_genomic.fna.gz	NZ_PVDF01000012.1:86029-87705	cronobacter	1
35	GCF_002974955.1_ASM297495v1_genomic.fna.gz	NZ_PVDF01000012.1:113922-115782	cronobacter	1
36	GCF_002974955.1_ASM297495v1_genomic.fna.gz	NZ_PVDF01000015.1:475995-476744	cronobacter	1
37	GCF_003206315.1_ASM320631v1_genomic.fna.gz	NZ_QIRU01000007.1:1245-2067	cronobacter	13
37	GCF_003206315.1_ASM320631v1_genomic.fna.gz	NZ_QIRU01000007.1:29079-29718	cronobacter	13
37	GCF_001999505.1_ASM199950v1_genomic.fna.gz	NZ_MRZS01000080.1:5885-8537	cronobacter	569
38	GCF_002532355.1_ASM253235v1_genomic.fna.gz	NZ_NITG01000001.1:517983-518195	cronobacter	73
39	GCF_002532355.1_ASM253235v1_genomic.fna.gz	NZ_NITG01000001.1:545201-545596	cronobacter	73
40	GCF_001309385.1_ASM130938v1_genomic.fna.gz	NZ_JOLZ01000010.1:173111-173499	cronobacter	12
41	GCF_001309385.1_ASM130938v1_genomic.fna.gz	NZ_JOLZ01000023.1:86327-87027	cronobacter	12
42	GCF_001309385.1_ASM130938v1_genomic.fna.gz	NZ_JOLZ01000023.1:114041-114559	cronobacter	12
42	GCF_000409345.1_Cdlac464_final_contigs_genomic.fna.gz	NZ_AJKX01000085.1:311575-313741	cronobacter	79
43	GCF_000409345.1_Cdlac464_final_contigs_genomic.fna.gz	NZ_AJKX01000085.1:313806-313957	cronobacter	79
44	GCF_000409345.1_Cdlac464_final_contigs_genomic.fna.gz	NZ_AJKX01000085.1:340379-341140	cronobacter	79
45	GCF_000409345.1_Cdlac464_final_contigs_genomic.fna.gz	NZ_AJKX01000088.1:79867-80134	cronobacter	79
46	GCF_000409345.1_Cdlac464_final_contigs_genomic.fna.gz	NZ_AJKX01000088.1:88600-90071	cronobacter	79
47	GCF_002976735.1_ASM297673v1_genomic.fna.gz	NZ_NRJW01000002.1:357478-358667	cronobacter	64
48	GCF_002976735.1_ASM297673v1_genomic.fna.gz	NZ_NRJW01000002.1:385103-387816	cronobacter	64
49	GCF_002199055.1_ASM219905v1_genomic.fna.gz	NZ_NHQP01000009.1:201126-203778	cronobacter	64
50	GCF_002199055.1_ASM219905v1_genomic.fna.gz	NZ_NHQP01000009.1:230107-231235	cronobacter	64
51	GCF_002978155.1_ASM297815v1_genomic.fna.gz	NZ_NRMP01000006.1:147922-149114	cronobacter	60
52	GCF_002978155.1_ASM297815v1_genomic.fna.gz	NZ_NRMP01000006.1:175828-176895	cronobacter	60
53	GCF_002978155.1_ASM297815v1_genomic.fna.gz	NZ_NRMP01000008.1:144435-144702	cronobacter	60
54	GCF_002102535.1_ASM210253v1_genomic.fna.gz	NZ_NDXX01000044.1:14772-15228	cronobacter	4
54	GCF_002974575.1_ASM297457v1_genomic.fna.gz	NZ_PVCJ01000001.1:278629-279696	cronobacter	64
55	GCF_002974575.1_ASM297457v1_genomic.fna.gz	NZ_PVCJ01000001.1:306132-308784	cronobacter	64
56	GCF_002978185.1_ASM297818v1_genomic.fna.gz	NZ_NRMN01000003.1:13349-14171	cronobacter	211
57	GCF_002978185.1_ASM297818v1_genomic.fna.gz	NZ_NRMN01000004.1:14404-14671	cronobacter	211
58	GCF_002978185.1_ASM297818v1_genomic.fna.gz	NZ_NRMN01000007.1:12996-13696	cronobacter	211
59	GCF_002107665.1_ASM210766v1_genomic.fna.gz	NZ_NCWE01000017.1:11650-12399	cronobacter	1
59	GCF_002107665.1_ASM210766v1_genomic.fna.gz	NZ_NCWE01000027.1:11279-13078	cronobacter	1
60	GCF_002107665.1_ASM210766v1_genomic.fna.gz	NZ_NCWE01000059.1:25461-27137	cronobacter	1
60	GCF_002976815.1_ASM297681v1_genomic.fna.gz	NZ_NRJY01000002.1:194172-195618	cronobacter	58
61	GCF_002976815.1_ASM297681v1_genomic.fna.gz	NZ_NRJY01000004.1:76694-76963	cronobacter	58
62	GCF_000974965.1_ASM97496v1_genomic.fna.gz	NZ_JZDO01000025.1:27910-29158	cronobacter	4
63	GCF_000974965.1_ASM97496v1_genomic.fna.gz	NZ_JZDO01000025.1:55557-56013	cronobacter	4
63	GCF_002942335.1_ASM294233v1_genomic.fna.gz	NZ_PTOY01000001.1:476066-476815	cronobacter	1
63	GCF_002942335.1_ASM294233v1_genomic.fna.gz	NZ_PTOY01000013.1:156323-157999	cronobacter	1
63	GCF_002942335.1_ASM294233v1_genomic.fna.gz	NZ_PTOY01000013.1:184216-186076	cronobacter	1
63	GCF_002974795.1_ASM297479v1_genomic.fna.gz	NZ_PVCU01000002.1:90621-91991	cronobacter	4
63	GCF_002974795.1_ASM297479v1_genomic.fna.gz	NZ_PVCU01000002.1:118390-118846	cronobacter	4
63	GCF_002942325.1_ASM294232v1_genomic.fna.gz	NZ_PTOW01000016.1:291872-292328	cronobacter	4
64	GCF_002942325.1_ASM294232v1_genomic.fna.gz	NZ_PTOW01000016.1:318727-320097	cronobacter	4
65	GCF_002978175.1_ASM297817v1_genomic.fna.gz	NZ_NRMQ01000007.1:47294-48116	cronobacter	211
66	GCF_002978175.1_ASM297817v1_genomic.fna.gz	NZ_NRMQ01000007.1:74568-75268	cronobacter	211
66	GCF_002974675.1_ASM297467v1_genomic.fna.gz	NZ_PVCS01000015.1:19613-20182	cronobacter	148
67	GCF_002974675.1_ASM297467v1_genomic.fna.gz	NZ_PVCS01000015.1:28892-31562	cronobacter	148
68	GCF_002974675.1_ASM297467v1_genomic.fna.gz	NZ_PVCS01000002.1:194701-195399	cronobacter	148
69	GCF_002974675.1_ASM297467v1_genomic.fna.gz	NZ_PVCS01000002.1:221412-222600	cronobacter	148
70	GCF_002977655.1_ASM297765v1_genomic.fna.gz	NZ_NRLO01000012.1:25-531	cronobacter	17
71	GCF_002977655.1_ASM297765v1_genomic.fna.gz	NZ_NRLO01000018.1:49-256	cronobacter	17
72	GCF_002977655.1_ASM297765v1_genomic.fna.gz	NZ_NRLO01000018.1:9355-9623	cronobacter	17
73	GCF_002977655.1_ASM297765v1_genomic.fna.gz	NZ_NRLO01000002.1:20429-21190	cronobacter	17
74	GCF_002977655.1_ASM297765v1_genomic.fna.gz	NZ_NRLO01000003.1:56-326	cronobacter	17
75	GCF_002977655.1_ASM297765v1_genomic.fna.gz	NZ_NRLO01000008.1:5959-6597	cronobacter	17
76	GCF_003206415.1_ASM320641v1_genomic.fna.gz	NZ_QIRV01000006.1:185994-186877	cronobacter	375
77	GCF_003206415.1_ASM320641v1_genomic.fna.gz	NZ_QIRV01000006.1:213881-214337	cronobacter	375
78	GCF_003207755.1_ASM320775v1_genomic.fna.gz	NZ_QITB01000006.1:1233-2116	cronobacter	13
79	GCF_003207755.1_ASM320775v1_genomic.fna.gz	NZ_QITB01000006.1:29128-29767	cronobacter	13
79	GCF_002977355.1_ASM297735v1_genomic.fna.gz	NZ_NRKZ01000002.1:797589-797983	cronobacter	136
80	GCF_002977355.1_ASM297735v1_genomic.fna.gz	NZ_NRKZ01000002.1:824085-824661	cronobacter	136
81	GCF_002071815.1_ASM207181v1_genomic.fna.gz	NZ_MRXV01000010.1:195304-195638	cronobacter	83
82	GCF_002071815.1_ASM207181v1_genomic.fna.gz	NZ_MRXV01000010.1:221307-221886	cronobacter	83
82	GCF_002974535.1_ASM297453v1_genomic.fna.gz	NZ_PVCG01000014.1:57-1063	cronobacter	1
83	GCF_002974535.1_ASM297453v1_genomic.fna.gz	NZ_PVCG01000020.1:43-865	cronobacter	1
84	GCF_002974535.1_ASM297453v1_genomic.fna.gz	NZ_PVCG01000020.1:27082-28636	cronobacter	1
85	GCF_002974535.1_ASM297453v1_genomic.fna.gz	NZ_PVCG01000005.1:252282-253031	cronobacter	1
85	GCF_002977525.1_ASM297752v1_genomic.fna.gz	NZ_NRLG01000103.1:5025-6763	cronobacter	470
86	GCF_002977525.1_ASM297752v1_genomic.fna.gz	NZ_NRLG01000208.1:12-774	cronobacter	470
87	GCF_002977525.1_ASM297752v1_genomic.fna.gz	NZ_NRLG01000062.1:21431-21768	cronobacter	470
88	GCF_002977525.1_ASM297752v1_genomic.fna.gz	NZ_NRLG01000076.1:5-461	cronobacter	470
89	GCF_003177165.1_ASM317716v1_genomic.fna.gz	NZ_QHGX01000012.1:76629-77378	cronobacter	1
90	GCF_003177165.1_ASM317716v1_genomic.fna.gz	NZ_QHGX01000015.1:134523-136199	cronobacter	1
90	GCF_003177165.1_ASM317716v1_genomic.fna.gz	NZ_QHGX01000015.1:162416-164276	cronobacter	1
90	GCF_003177165.1_ASM317716v1_genomic.fna.gz	NZ_QHGX01000009.1:2932-3135	cronobacter	1
91	GCF_002977445.1_ASM297744v1_genomic.fna.gz	NZ_NRLE01000007.1:87109-88362	cronobacter	475
92	GCF_002977445.1_ASM297744v1_genomic.fna.gz	NZ_NRLE01000007.1:115362-116123	cronobacter	475
93	GCF_002977445.1_ASM297744v1_genomic.fna.gz	NZ_NRLE01000008.1:161189-161757	cronobacter	475
94	GCF_003207405.1_ASM320740v1_genomic.fna.gz	NZ_QISZ01000001.1:793475-793931	cronobacter	375
95	GCF_003207405.1_ASM320740v1_genomic.fna.gz	NZ_QISZ01000001.1:820935-821818	cronobacter	375
96	GCF_002532335.1_ASM253233v1_genomic.fna.gz	NZ_NITM01000014.1:158172-158305	cronobacter	226
97	GCF_002532335.1_ASM253233v1_genomic.fna.gz	NZ_NITM01000002.1:76672-76940	cronobacter	226
98	GCF_002532335.1_ASM253233v1_genomic.fna.gz	NZ_NITM01000005.1:194990-195752	cronobacter	226
99	GCF_002532335.1_ASM253233v1_genomic.fna.gz	NZ_NITM01000005.1:221919-222863	cronobacter	226
100	GCF_002974875.1_ASM297487v1_genomic.fna.gz	NZ_PVCZ01000007.1:120008-121868	cronobacter	1
101	GCF_002974875.1_ASM297487v1_genomic.fna.gz	NZ_PVCZ01000007.1:148085-149761	cronobacter	1
102	GCF_002974875.1_ASM297487v1_genomic.fna.gz	NZ_PVCZ01000008.1:76629-77378	cronobacter	1
102	GCF_002978315.1_ASM297831v1_genomic.fna.gz	NZ_NRMV01000047.1:35-370	cronobacter	462
103	GCF_002978315.1_ASM297831v1_genomic.fna.gz	NZ_NRMV01000047.1:26890-27103	cronobacter	462
104	GCF_002978315.1_ASM297831v1_genomic.fna.gz	NZ_NRMV01000066.1:2365-2760	cronobacter	462
105	GCF_001309275.1_ASM130927v1_genomic.fna.gz	NZ_JOLT01000015.1:197377-198747	cronobacter	4
105	GCF_001309275.1_ASM130927v1_genomic.fna.gz	NZ_JOLT01000015.1:225146-225602	cronobacter	4
105	GCF_003207025.1_ASM320702v1_genomic.fna.gz	NZ_QIRT01000002.1:467089-467597	cronobacter	233
106	GCF_003207025.1_ASM320702v1_genomic.fna.gz	NZ_QIRT01000004.1:406025-408007	cronobacter	233
107	GCF_003207025.1_ASM320702v1_genomic.fna.gz	NZ_QIRT01000008.1:190288-191354	cronobacter	233
108	GCF_003207535.1_ASM320753v1_genomic.fna.gz	NZ_QIRP01000007.1:1245-2006	cronobacter	13
109	GCF_003207535.1_ASM320753v1_genomic.fna.gz	NZ_QIRP01000007.1:29018-29657	cronobacter	13
109	GCF_002075615.1_ASM207561v1_genomic.fna.gz	NZ_MRXK01000006.1:192797-194045	cronobacter	4
109	GCF_002075615.1_ASM207561v1_genomic.fna.gz	NZ_MRXK01000006.1:220443-220778	cronobacter	4
110	GCF_001309305.1_ASM130930v1_genomic.fna.gz	NZ_JOLU01000001.1:200135-200652	cronobacter	13
111	GCF_001309305.1_ASM130930v1_genomic.fna.gz	NZ_JOLU01000001.1:227664-228608	cronobacter	13
112	GCF_002974855.1_ASM297485v1_genomic.fna.gz	NZ_PVCY01000002.1:76749-77197	cronobacter	12
113	GCF_002974855.1_ASM297485v1_genomic.fna.gz	NZ_PVCY01000004.1:86207-86725	cronobacter	12
114	GCF_002974855.1_ASM297485v1_genomic.fna.gz	NZ_PVCY01000004.1:113739-114320	cronobacter	12
115	GCF_003207145.1_ASM320714v1_genomic.fna.gz	NZ_QISF01000008.1:90744-92114	cronobacter	4
115	GCF_003207145.1_ASM320714v1_genomic.fna.gz	NZ_QISF01000008.1:118513-118969	cronobacter	4
115	GCF_002977295.1_ASM297729v1_genomic.fna.gz	NZ_NRKW01000002.1:793583-795442	cronobacter	158
116	GCF_002977295.1_ASM297729v1_genomic.fna.gz	NZ_NRKW01000002.1:821481-822546	cronobacter	158
117	GCF_002977295.1_ASM297729v1_genomic.fna.gz	NZ_NRKW01000004.1:76702-76971	cronobacter	158
117	GCF_002094675.1_ASM209467v1_genomic.fna.gz	NZ_MBRZ01000002.1:156103-157718	cronobacter	1
118	GCF_002094675.1_ASM209467v1_genomic.fna.gz	NZ_MBRZ01000002.1:183935-185734	cronobacter	1
119	GCF_002094675.1_ASM209467v1_genomic.fna.gz	NZ_MBRZ01000005.1:296336-297085	cronobacter	1
119	GCF_002978105.1_ASM297810v1_genomic.fna.gz	NZ_NRMK01000016.1:41781-42049	cronobacter	8
120	GCF_002978105.1_ASM297810v1_genomic.fna.gz	NZ_NRMK01000030.1:14273-14406	cronobacter	8
121	GCF_002978105.1_ASM297810v1_genomic.fna.gz	NZ_NRMK01000006.1:27513-28149	cronobacter	8
122	GCF_002978105.1_ASM297810v1_genomic.fna.gz	NZ_NRMK01000006.1:54319-54959	cronobacter	8
123	GCF_002942415.1_ASM294241v1_genomic.fna.gz	NZ_PTPD01000024.1:76471-79141	cronobacter	148
124	GCF_002942415.1_ASM294241v1_genomic.fna.gz	NZ_PTPD01000024.1:87851-88420	cronobacter	148
125	GCF_002942415.1_ASM294241v1_genomic.fna.gz	NZ_PTPD01000014.1:144722-145910	cronobacter	148
126	GCF_002942415.1_ASM294241v1_genomic.fna.gz	NZ_PTPD01000014.1:171923-172621	cronobacter	148
127	GCF_000698225.1_ASM69822v1_genomic.fna.gz	NZ_JNBN01000041.1:76646-76855	cronobacter	40
128	GCF_000698225.1_ASM69822v1_genomic.fna.gz	NZ_JNBN01000066.1:173169-173808	cronobacter	40
129	GCF_002976755.1_ASM297675v1_genomic.fna.gz	NZ_NRJT01000072.1:292042-292498	cronobacter	4
129	GCF_002976755.1_ASM297675v1_genomic.fna.gz	NZ_NRJT01000072.1:318897-320267	cronobacter	4
129	GCF_003955925.1_ASM395592v1_genomic.fna.gz	NZ_CP028974.1:3296469-3300525	cronobacter	256
130	GCF_003955925.1_ASM395592v1_genomic.fna.gz	NZ_CP028974.1:3326826-3327829	cronobacter	256
131	GCF_003955925.1_ASM395592v1_genomic.fna.gz	NZ_CP028974.1:3608478-3608687	cronobacter	256
132	GCF_000742355.1_ASM74235v1_genomic.fna.gz	NZ_JPZF01000064.1:7830-8469	cronobacter	84
133	GCF_000742355.1_ASM74235v1_genomic.fna.gz	NZ_JPZF01000247.1:6040-6862	cronobacter	84
134	GCF_000409405.1_Csak35_final_contigs_genomic.fna.gz	NZ_AJLC01000105.1:80366-80634	cronobacter	8
135	GCF_000409405.1_Csak35_final_contigs_genomic.fna.gz	NZ_AJLC01000123.1:34477-35240	cronobacter	8
136	GCF_000409405.1_Csak35_final_contigs_genomic.fna.gz	NZ_AJLC01000124.1:18537-19420	cronobacter	8
137	GCF_002075775.1_ASM207577v1_genomic.fna.gz	NZ_MRXW01000005.1:95579-96035	cronobacter	4
137	GCF_002075775.1_ASM207577v1_genomic.fna.gz	NZ_MRXW01000005.1:122433-123864	cronobacter	4
138	GCF_002199105.1_ASM219910v1_genomic.fna.gz	NZ_NHQS01000009.1:109994-112646	cronobacter	64
138	GCF_002199105.1_ASM219910v1_genomic.fna.gz	NZ_NHQS01000009.1:139082-140271	cronobacter	64
139	GCF_002075655.1_ASM207565v1_genomic.fna.gz	NZ_MRXO01000002.1:276048-276383	cronobacter	4
140	GCF_002075655.1_ASM207565v1_genomic.fna.gz	NZ_MRXO01000002.1:302781-304029	cronobacter	4
141	GCF_001922905.1_ASM192290v1_genomic.fna.gz	NZ_MSAG01000004.1:148683-151152	cronobacter	569
142	GCF_002977865.1_ASM297786v1_genomic.fna.gz	NZ_NRMA01000108.1:12750-13511	cronobacter	8
143	GCF_002977865.1_ASM297786v1_genomic.fna.gz	NZ_NRMA01000013.1:34213-34481	cronobacter	8
143	GCF_002977865.1_ASM297786v1_genomic.fna.gz	NZ_NRMA01000056.1:13572-13705	cronobacter	8
144	GCF_002977865.1_ASM297786v1_genomic.fna.gz	NZ_NRMA01000064.1:7482-8244	cronobacter	8
145	GCF_002976635.1_ASM297663v1_genomic.fna.gz	NZ_NRJQ01000001.1:152040-153593	cronobacter	540
146	GCF_002976635.1_ASM297663v1_genomic.fna.gz	NZ_NRJQ01000001.1:180221-181166	cronobacter	540
147	GCF_002975075.1_ASM297507v1_genomic.fna.gz	NZ_PVCX01000019.1:86842-88702	cronobacter	1
147	GCF_002975075.1_ASM297507v1_genomic.fna.gz	NZ_PVCX01000019.1:114919-116412	cronobacter	1
148	GCF_002975075.1_ASM297507v1_genomic.fna.gz	NZ_PVCX01000009.1:249881-250630	cronobacter	1
148	GCF_002093925.1_ASM209392v1_genomic.fna.gz	NZ_KZ084316.1:199283-199739	cronobacter	83
148	GCF_002093925.1_ASM209392v1_genomic.fna.gz	NZ_KZ084316.1:225408-225987	cronobacter	83
148	GCF_002978285.1_ASM297828v1_genomic.fna.gz	NZ_NRMT01000015.1:43964-44663	cronobacter	211
149	GCF_002978285.1_ASM297828v1_genomic.fna.gz	NZ_NRMT01000015.1:70934-71817	cronobacter	211
150	GCF_002532375.1_ASM253237v1_genomic.fna.gz	NZ_NITI01000005.1:193695-195376	cronobacter	93
151	GCF_002532375.1_ASM253237v1_genomic.fna.gz	NZ_NITI01000005.1:221072-222442	cronobacter	93
152	GCF_002198975.1_ASM219897v1_genomic.fna.gz	NZ_NEYG01000029.1:6180-8832	cronobacter	64
153	GCF_002198975.1_ASM219897v1_genomic.fna.gz	NZ_NEYG01000009.1:147077-148205	cronobacter	64
154	GCF_000742345.1_ASM74234v1_genomic.fna.gz	NZ_JPZE01000008.1:91254-92321	cronobacter	60
155	GCF_000742345.1_ASM74234v1_genomic.fna.gz	NZ_JPZE01000008.1:119035-120527	cronobacter	60
156	GCF_000742345.1_ASM74234v1_genomic.fna.gz	NZ_JPZE01000012.1:196150-196417	cronobacter	60
156	GCF_001309315.1_ASM130931v1_genomic.fna.gz	NZ_JOLW01000002.1:76759-77147	cronobacter	12
156	GCF_001309315.1_ASM130931v1_genomic.fna.gz	NZ_JOLW01000017.1:12607-13307	cronobacter	12
156	GCF_001309315.1_ASM130931v1_genomic.fna.gz	NZ_JOLW01000017.1:40321-40839	cronobacter	12
156	GCF_002975095.1_ASM297509v1_genomic.fna.gz	NZ_PVDC01000004.1:110361-110756	cronobacter	4
157	GCF_002975095.1_ASM297509v1_genomic.fna.gz	NZ_PVDC01000004.1:137154-138585	cronobacter	4
157	GCF_002107705.1_ASM210770v1_genomic.fna.gz	NZ_NCWG01000059.1:61-334	cronobacter	1
158	GCF_002107705.1_ASM210770v1_genomic.fna.gz	NZ_NCWG01000088.1:46-747	cronobacter	1
159	GCF_002107705.1_ASM210770v1_genomic.fna.gz	NZ_NCWG01000098.1:35-673	cronobacter	1
160	GCF_002107705.1_ASM210770v1_genomic.fna.gz	NZ_NCWG01000024.1:63583-64332	cronobacter	1
160	GCF_001309235.1_ASM130923v1_genomic.fna.gz	NZ_JOLS01000007.1:156173-157849	cronobacter	14
160	GCF_001309235.1_ASM130923v1_genomic.fna.gz	NZ_JOLS01000007.1:184066-185926	cronobacter	14
160	GCF_001309235.1_ASM130923v1_genomic.fna.gz	NZ_JOLS01000024.1:169263-170012	cronobacter	14
160	GCF_002532415.1_ASM253241v1_genomic.fna.gz	NZ_NITK01000018.1:103418-104167	cronobacter	1
160	GCF_002532415.1_ASM253241v1_genomic.fna.gz	NZ_NITK01000037.1:5837-7452	cronobacter	1
161	GCF_002532415.1_ASM253241v1_genomic.fna.gz	NZ_NITK01000041.1:41638-43498	cronobacter	1
161	GCF_001309035.1_ASM130903v1_genomic.fna.gz	NZ_JOLJ01000038.1:8580-9950	cronobacter	4
161	GCF_001309035.1_ASM130903v1_genomic.fna.gz	NZ_JOLJ01000038.1:36349-36805	cronobacter	4
161	GCF_002094435.1_ASM209443v1_genomic.fna.gz	NZ_MBRM01000169.1:1059-1515	cronobacter	4
161	GCF_002094435.1_ASM209443v1_genomic.fna.gz	NZ_MBRM01000002.1:7585-8894	cronobacter	4
162	GCF_002978325.1_ASM297832v1_genomic.fna.gz	NZ_NRMW01000001.1:200668-201430	cronobacter	472
163	GCF_002978325.1_ASM297832v1_genomic.fna.gz	NZ_NRMW01000001.1:228207-228908	cronobacter	472
164	GCF_002978275.1_ASM297827v1_genomic.fna.gz	NZ_NRMU01000001.1:385413-386235	cronobacter	7
165	GCF_002978275.1_ASM297827v1_genomic.fna.gz	NZ_NRMU01000001.1:412773-413595	cronobacter	7
165	GCF_002094585.1_ASM209458v1_genomic.fna.gz	NZ_MBRU01000001.1:20321-21142	cronobacter	4
166	GCF_002094585.1_ASM209458v1_genomic.fna.gz	NZ_MBRU01000142.1:6021-6538	cronobacter	4
167	GCF_002974915.1_ASM297491v1_genomic.fna.gz	NZ_PVDA01000017.1:491350-493210	cronobacter	1
167	GCF_002974915.1_ASM297491v1_genomic.fna.gz	NZ_PVDA01000004.1:451567-452316	cronobacter	1
167	GCF_002974915.1_ASM297491v1_genomic.fna.gz	NZ_PVDA01000006.1:134487-136163	cronobacter	1
167	GCF_002942075.1_ASM294207v1_genomic.fna.gz	NZ_PTOQ01000024.1:76296-77526	cronobacter	198
168	GCF_002942075.1_ASM294207v1_genomic.fna.gz	NZ_PTOQ01000024.1:81390-81538	cronobacter	198
169	GCF_002942075.1_ASM294207v1_genomic.fna.gz	NZ_PTOQ01000007.1:152924-154416	cronobacter	198
170	GCF_002942075.1_ASM294207v1_genomic.fna.gz	NZ_PTOQ01000007.1:180647-181653	cronobacter	198
171	GCF_003858315.1_ASM385831v1_genomic.fna.gz	NZ_PQJP01000230.1:3397-3853	cronobacter	4
171	GCF_003858315.1_ASM385831v1_genomic.fna.gz	NZ_PQJP01000026.1:48846-50277	cronobacter	4
172	GCF_001308945.1_ASM130894v1_genomic.fna.gz	NZ_JOLE01000005.1:106037-106493	cronobacter	4
172	GCF_001308945.1_ASM130894v1_genomic.fna.gz	NZ_JOLE01000005.1:132892-134262	cronobacter	4
172	GCF_002094555.1_ASM209455v1_genomic.fna.gz	NZ_MBRT01000166.1:644-1100	cronobacter	4
172	GCF_003206325.1_ASM320632v1_genomic.fna.gz	NZ_QIRN01000007.1:245510-246149	cronobacter	13
173	GCF_003206325.1_ASM320632v1_genomic.fna.gz	NZ_QIRN01000007.1:273161-273983	cronobacter	13
174	GCF_002974495.1_ASM297449v1_genomic.fna.gz	NZ_PVCE01000012.1:5948-7074	cronobacter	4
175	GCF_002974495.1_ASM297449v1_genomic.fna.gz	NZ_PVCE01000030.1:20282-20738	cronobacter	4
175	GCF_003207715.1_ASM320771v1_genomic.fna.gz	NZ_QIST01000006.1:1245-2067	cronobacter	13
175	GCF_003207715.1_ASM320771v1_genomic.fna.gz	NZ_QIST01000006.1:29079-29718	cronobacter	13
175	GCF_002977935.1_ASM297793v1_genomic.fna.gz	NZ_NRMC01000001.1:158346-158479	cronobacter	8
175	GCF_002977935.1_ASM297793v1_genomic.fna.gz	NZ_NRMC01000007.1:126054-126322	cronobacter	8
175	GCF_002977935.1_ASM297793v1_genomic.fna.gz	NZ_NRMC01000008.1:7234-8175	cronobacter	8
176	GCF_002977935.1_ASM297793v1_genomic.fna.gz	NZ_NRMC01000008.1:34345-35046	cronobacter	8
177	GCF_002107715.1_ASM210771v1_genomic.fna.gz	NZ_NCWH01000009.1:274366-275310	cronobacter	218
178	GCF_002107715.1_ASM210771v1_genomic.fna.gz	NZ_NCWH01000009.1:275318-275649	cronobacter	218
179	GCF_002107715.1_ASM210771v1_genomic.fna.gz	NZ_NCWH01000009.1:302091-302547	cronobacter	218
180	GCF_000409225.1_cddub187_final_contigs_genomic.fna.gz	NZ_AJKZ01000018.1:813967-815094	cronobacter	106
181	GCF_000409225.1_cddub187_final_contigs_genomic.fna.gz	NZ_AJKZ01000018.1:841545-842550	cronobacter	106
182	GCF_900447325.1_37419_E02_genomic.fna.gz	NZ_UFYH01000001.1:1117182-1117639	cronobacter	54
183	GCF_002983555.1_ASM298355v1_genomic.fna.gz	NZ_NRNA01000011.1:52-265	cronobacter	60
184	GCF_002983555.1_ASM298355v1_genomic.fna.gz	NZ_NRNA01000018.1:77837-78049	cronobacter	60
185	GCF_002983555.1_ASM298355v1_genomic.fna.gz	NZ_NRNA01000025.1:128-341	cronobacter	60
186	GCF_002983555.1_ASM298355v1_genomic.fna.gz	NZ_NRNA01000030.1:6042-7168	cronobacter	60
187	GCF_002977035.1_ASM297703v1_genomic.fna.gz	NZ_NRKJ01000013.1:18737-19499	cronobacter	64
188	GCF_002977035.1_ASM297703v1_genomic.fna.gz	NZ_NRKJ01000005.1:7705-9259	cronobacter	64
189	GCF_003207335.1_ASM320733v1_genomic.fna.gz	NZ_QISW01000020.1:6251-6768	cronobacter	4
189	GCF_003207335.1_ASM320733v1_genomic.fna.gz	NZ_QISW01000009.1:19482-20791	cronobacter	4
190	GCF_003206985.1_ASM320698v1_genomic.fna.gz	NZ_QIRM01000007.1:245510-246149	cronobacter	13
190	GCF_003206985.1_ASM320698v1_genomic.fna.gz	NZ_QIRM01000007.1:273161-273983	cronobacter	13
190	GCF_003206355.1_ASM320635v1_genomic.fna.gz	NZ_QIRY01000007.1:1245-2067	cronobacter	13
190	GCF_003206355.1_ASM320635v1_genomic.fna.gz	NZ_QIRY01000007.1:29079-29718	cronobacter	13
190	GCF_002974715.1_ASM297471v1_genomic.fna.gz	NZ_PVBX01000016.1:90611-91128	cronobacter	99
191	GCF_002974715.1_ASM297471v1_genomic.fna.gz	NZ_PVBX01000016.1:118205-119882	cronobacter	99
192	GCF_002978485.1_ASM297848v1_genomic.fna.gz	NZ_NRNJ01000005.1:204351-204868	cronobacter	337
193	GCF_002942225.1_ASM294222v1_genomic.fna.gz	NZ_PTPF01000002.1:241731-243040	cronobacter	4
194	GCF_002942225.1_ASM294222v1_genomic.fna.gz	NZ_PTPF01000002.1:269438-269894	cronobacter	4
194	GCF_002075725.1_ASM207572v1_genomic.fna.gz	NZ_MRXS01000012.1:80021-80477	cronobacter	4
194	GCF_002075725.1_ASM207572v1_genomic.fna.gz	NZ_MRXS01000012.1:106875-108184	cronobacter	4
194	GCF_003177155.1_ASM317715v1_genomic.fna.gz	NZ_QHGW01000003.1:192750-194120	cronobacter	4
194	GCF_003177155.1_ASM317715v1_genomic.fna.gz	NZ_QHGW01000003.1:220519-220975	cronobacter	4
194	GCF_003207005.1_ASM320700v1_genomic.fna.gz	NZ_QIRR01000007.1:245385-246024	cronobacter	13
194	GCF_003207005.1_ASM320700v1_genomic.fna.gz	NZ_QIRR01000007.1:273036-273858	cronobacter	13
194	GCF_003515885.1_ASM351588v1_genomic.fna.gz	NZ_QWKN01000017.1:31674-32069	cronobacter	4
195	GCF_003515885.1_ASM351588v1_genomic.fna.gz	NZ_QWKN01000017.1:58467-59776	cronobacter	4
195	GCF_002107695.1_ASM210769v1_genomic.fna.gz	NZ_NCWF01000007.1:76629-77378	cronobacter	1
195	GCF_002107695.1_ASM210769v1_genomic.fna.gz	NZ_NCWF01000009.1:22313-23989	cronobacter	1
195	GCF_002978235.1_ASM297823v1_genomic.fna.gz	NZ_NRMS01000001.1:859940-861007	cronobacter	60
196	GCF_002978235.1_ASM297823v1_genomic.fna.gz	NZ_NRMS01000001.1:887721-889213	cronobacter	60
196	GCF_002978235.1_ASM297823v1_genomic.fna.gz	NZ_NRMS01000006.1:144522-144789	cronobacter	60
196	GCF_000409385.1_Csak713_final_contigs_genomic.fna.gz	NZ_AJLB01000123.1:1-332	cronobacter	218
196	GCF_000409385.1_Csak713_final_contigs_genomic.fna.gz	NZ_AJLB01000125.1:6495-6951	cronobacter	218
196	GCF_002094725.1_ASM209472v1_genomic.fna.gz	NZ_MBSB01000115.1:3204-4026	cronobacter	8
197	GCF_002094725.1_ASM209472v1_genomic.fna.gz	NZ_MBSB01000187.1:4244-4945	cronobacter	8
198	GCF_002094725.1_ASM209472v1_genomic.fna.gz	NZ_MBSB01000004.1:5749-6017	cronobacter	8
198	GCF_002094725.1_ASM209472v1_genomic.fna.gz	NZ_MBSB01000057.1:13990-14123	cronobacter	8
198	GCF_002942065.1_ASM294206v1_genomic.fna.gz	NZ_PTOO01000010.1:90537-91115	cronobacter	40
199	GCF_002942065.1_ASM294206v1_genomic.fna.gz	NZ_PTOO01000005.1:189286-189495	cronobacter	40
200	GCF_002942265.1_ASM294226v1_genomic.fna.gz	NZ_PTOP01000004.1:148400-148978	cronobacter	40
200	GCF_002942265.1_ASM294226v1_genomic.fna.gz	NZ_PTOP01000007.1:14755-14964	cronobacter	40
200	GCF_002075445.1_ASM207544v1_genomic.fna.gz	NZ_MRXB01000012.1:171829-172894	cronobacter	4
201	GCF_002075445.1_ASM207544v1_genomic.fna.gz	NZ_MRXB01000012.1:199292-199748	cronobacter	4
201	GCF_002978495.1_ASM297849v1_genomic.fna.gz	NZ_NRNH01000011.1:76364-76813	cronobacter	258
202	GCF_002978495.1_ASM297849v1_genomic.fna.gz	NZ_NRNH01000013.1:20985-21867	cronobacter	258
203	GCF_003207175.1_ASM320717v1_genomic.fna.gz	NZ_QISH01000006.1:245510-246149	cronobacter	13
203	GCF_003207175.1_ASM320717v1_genomic.fna.gz	NZ_QISH01000006.1:273161-273983	cronobacter	13
203	GCF_002198885.1_ASM219888v1_genomic.fna.gz	NZ_NEYF01000052.1:57587-60056	cronobacter	64
204	GCF_002198885.1_ASM219888v1_genomic.fna.gz	NZ_NEYF01000068.1:24099-25227	cronobacter	64
205	GCF_002978755.1_ASM297875v1_genomic.fna.gz	NZ_NRNU01000002.1:368466-371120	cronobacter	481
206	GCF_002978755.1_ASM297875v1_genomic.fna.gz	NZ_NRNU01000002.1:397416-399947	cronobacter	481
207	GCF_003207195.1_ASM320719v1_genomic.fna.gz	NZ_QISJ01000005.1:1245-2067	cronobacter	13
207	GCF_003207195.1_ASM320719v1_genomic.fna.gz	NZ_QISJ01000005.1:29079-29718	cronobacter	13
207	GCF_001309175.1_ASM130917v1_genomic.fna.gz	NZ_JOLO01000006.1:200135-200652	cronobacter	13
207	GCF_001309175.1_ASM130917v1_genomic.fna.gz	NZ_JOLO01000006.1:227664-228608	cronobacter	13
207	GCF_003206925.1_ASM320692v1_genomic.fna.gz	NZ_QIRI01000002.1:216358-217180	cronobacter	13
208	GCF_003206925.1_ASM320692v1_genomic.fna.gz	NZ_QIRI01000002.1:244191-244768	cronobacter	13
209	GCF_002974635.1_ASM297463v1_genomic.fna.gz	NZ_PVCQ01000013.1:179380-182703	cronobacter	21
210	GCF_002974635.1_ASM297463v1_genomic.fna.gz	NZ_PVCQ01000013.1:208931-210181	cronobacter	21
211	GCF_002974635.1_ASM297463v1_genomic.fna.gz	NZ_PVCQ01000004.1:76354-77882	cronobacter	21
212	GCF_002974635.1_ASM297463v1_genomic.fna.gz	NZ_PVCQ01000004.1:86591-88720	cronobacter	21
213	GCF_000409285.1_Cmuy_final_contigs_genomic.fna.gz	NZ_AJKU01000034.1:5672-6311	cronobacter	81
214	GCF_000409285.1_Cmuy_final_contigs_genomic.fna.gz	NZ_AJKU01000039.1:76412-76860	cronobacter	81
215	GCF_000409285.1_Cmuy_final_contigs_genomic.fna.gz	NZ_AJKU01000039.1:85330-88064	cronobacter	81
216	GCF_001309215.1_ASM130921v1_genomic.fna.gz	NZ_JOLQ01000008.1:105989-106445	cronobacter	4
216	GCF_001309215.1_ASM130921v1_genomic.fna.gz	NZ_JOLQ01000008.1:132844-134214	cronobacter	4
216	GCF_002977495.1_ASM297749v1_genomic.fna.gz	NZ_NRLH01000011.1:165270-165543	cronobacter	4
217	GCF_002977495.1_ASM297749v1_genomic.fna.gz	NZ_NRLH01000004.1:291386-291842	cronobacter	4
217	GCF_002977495.1_ASM297749v1_genomic.fna.gz	NZ_NRLH01000004.1:317881-318459	cronobacter	4
218	GCF_001309055.1_ASM130905v1_genomic.fna.gz	NZ_JOLI01000016.1:197119-198489	cronobacter	4
218	GCF_001309055.1_ASM130905v1_genomic.fna.gz	NZ_JOLI01000016.1:224888-225344	cronobacter	4
218	GCF_002978165.1_ASM297816v1_genomic.fna.gz	NZ_NRMO01000003.1:58080-58408	cronobacter	529
219	GCF_002978165.1_ASM297816v1_genomic.fna.gz	NZ_NRMO01000003.1:58415-58745	cronobacter	529
220	GCF_002978165.1_ASM297816v1_genomic.fna.gz	NZ_NRMO01000003.1:59303-59631	cronobacter	529
221	GCF_002978165.1_ASM297816v1_genomic.fna.gz	NZ_NRMO01000087.1:90821-91338	cronobacter	529
221	GCF_003207235.1_ASM320723v1_genomic.fna.gz	NZ_QISM01000006.1:1221-2043	cronobacter	13
221	GCF_003207235.1_ASM320723v1_genomic.fna.gz	NZ_QISM01000006.1:29055-29694	cronobacter	13
221	GCF_003206935.1_ASM320693v1_genomic.fna.gz	NZ_QIRJ01000002.1:802922-803439	cronobacter	4
222	GCF_003206935.1_ASM320693v1_genomic.fna.gz	NZ_QIRJ01000002.1:829837-831207	cronobacter	4
222	GCF_002532525.1_ASM253252v1_genomic.fna.gz	NZ_NITQ01000018.1:93464-94590	cronobacter	643
223	GCF_002532525.1_ASM253252v1_genomic.fna.gz	NZ_NITQ01000018.1:121602-122302	cronobacter	643
224	GCF_002974645.1_ASM297464v1_genomic.fna.gz	NZ_PVCR01000001.1:192187-193741	cronobacter	1
225	GCF_002974645.1_ASM297464v1_genomic.fna.gz	NZ_PVCR01000001.1:219958-221818	cronobacter	1
225	GCF_002974645.1_ASM297464v1_genomic.fna.gz	NZ_PVCR01000003.1:76783-77532	cronobacter	1
225	GCF_002983565.1_ASM298356v1_genomic.fna.gz	NZ_NRMZ01000001.1:200680-201136	cronobacter	545
226	GCF_002983565.1_ASM298356v1_genomic.fna.gz	NZ_NRMZ01000001.1:222837-224209	cronobacter	545
227	GCF_001922825.1_ASM192282v1_genomic.fna.gz	NZ_MSAD01000005.1:138839-139722	cronobacter	7
228	GCF_001922825.1_ASM192282v1_genomic.fna.gz	NZ_MSAD01000005.1:166441-167263	cronobacter	7
228	GCF_002107825.1_ASM210782v1_genomic.fna.gz	NZ_NCWD01000002.1:201179-203892	cronobacter	64
229	GCF_002107825.1_ASM210782v1_genomic.fna.gz	NZ_NCWD01000002.1:230112-231179	cronobacter	64
229	GCF_002976665.1_ASM297666v1_genomic.fna.gz	NZ_NRJR01000002.1:822016-823083	cronobacter	64
230	GCF_002976665.1_ASM297666v1_genomic.fna.gz	NZ_NRJR01000002.1:849519-852231	cronobacter	64
231	GCF_002977975.1_ASM297797v1_genomic.fna.gz	NZ_NRMF01000022.1:44-622	cronobacter	608
232	GCF_002977975.1_ASM297797v1_genomic.fna.gz	NZ_NRMF01000025.1:6013-6284	cronobacter	608
233	GCF_002977975.1_ASM297797v1_genomic.fna.gz	NZ_NRMF01000005.1:339192-339523	cronobacter	608
234	GCF_002977975.1_ASM297797v1_genomic.fna.gz	NZ_NRMF01000006.1:76686-76954	cronobacter	608
234	GCF_002977975.1_ASM297797v1_genomic.fna.gz	NZ_NRMF01000009.1:222239-222453	cronobacter	608
235	GCF_000319285.1_ASM31928v1_genomic.fna.gz	NZ_CAKW01000109.1:22771-22979	cronobacter	98
236	GCF_001277195.1_ASM127719v1_genomic.fna.gz	NZ_CP012268.1:2917942-2918581	cronobacter	81
236	GCF_001277195.1_ASM127719v1_genomic.fna.gz	NZ_CP012268.1:3202304-3202752	cronobacter	81
236	GCF_001277195.1_ASM127719v1_genomic.fna.gz	NZ_CP012268.1:3211222-3213956	cronobacter	81
236	GCF_002107865.1_ASM210786v1_genomic.fna.gz	NZ_NCWM01000004.1:1594520-1595890	cronobacter	4
236	GCF_002107865.1_ASM210786v1_genomic.fna.gz	NZ_NCWM01000004.1:1622289-1622745	cronobacter	4
236	GCF_002199005.1_ASM219900v1_genomic.fna.gz	NZ_NHQN01000011.1:7979-9107	cronobacter	64
236	GCF_002199005.1_ASM219900v1_genomic.fna.gz	NZ_NHQN01000011.1:35543-38195	cronobacter	64
236	GCF_001309045.1_ASM130904v1_genomic.fna.gz	NZ_JOLH01000020.1:69311-69767	cronobacter	4
236	GCF_001309045.1_ASM130904v1_genomic.fna.gz	NZ_JOLH01000020.1:96166-97536	cronobacter	4
236	GCF_002975015.1_ASM297501v1_genomic.fna.gz	NZ_PVCV01000013.1:134535-135967	cronobacter	1
237	GCF_002975015.1_ASM297501v1_genomic.fna.gz	NZ_PVCV01000013.1:162184-164044	cronobacter	1
237	GCF_002975015.1_ASM297501v1_genomic.fna.gz	NZ_PVCV01000008.1:14414-15163	cronobacter	1
237	GCF_002942145.1_ASM294214v1_genomic.fna.gz	NZ_PTOU01000019.1:76629-77378	cronobacter	1
237	GCF_002942145.1_ASM294214v1_genomic.fna.gz	NZ_PTOU01000007.1:156219-157895	cronobacter	1
237	GCF_002942145.1_ASM294214v1_genomic.fna.gz	NZ_PTOU01000007.1:184112-185972	cronobacter	1
237	GCF_002107915.1_ASM210791v1_genomic.fna.gz	NZ_NCWN01000019.1:26934-27390	cronobacter	4
237	GCF_002107915.1_ASM210791v1_genomic.fna.gz	NZ_NCWN01000033.1:20-903	cronobacter	4
238	GCF_003207615.1_ASM320761v1_genomic.fna.gz	NZ_QIRW01000004.1:372257-372713	cronobacter	4
238	GCF_003207615.1_ASM320761v1_genomic.fna.gz	NZ_QIRW01000004.1:399109-400540	cronobacter	4
238	GCF_002075425.1_ASM207542v1_genomic.fna.gz	NZ_MRXA01000034.1:108400-109709	cronobacter	4
238	GCF_002075425.1_ASM207542v1_genomic.fna.gz	NZ_MRXA01000069.1:11407-11863	cronobacter	4
238	GCF_002075495.1_ASM207549v1_genomic.fna.gz	NZ_MRXG01000010.1:29997-31306	cronobacter	4
238	GCF_002075495.1_ASM207549v1_genomic.fna.gz	NZ_MRXG01000060.1:11117-11573	cronobacter	4
238	GCF_002977055.1_ASM297705v1_genomic.fna.gz	NZ_NRKL01000002.1:147324-147719	cronobacter	264
239	GCF_002977055.1_ASM297705v1_genomic.fna.gz	NZ_NRKL01000002.1:173778-175211	cronobacter	264
240	GCF_002198945.1_ASM219894v1_genomic.fna.gz	NZ_NEYC01000025.1:141542-142486	cronobacter	64
241	GCF_002198945.1_ASM219894v1_genomic.fna.gz	NZ_NEYC01000030.1:37199-38205	cronobacter	64
242	GCF_002974415.1_ASM297441v1_genomic.fna.gz	NZ_PVBZ01000010.1:463965-464233	cronobacter	226
243	GCF_002974415.1_ASM297441v1_genomic.fna.gz	NZ_PVBZ01000006.1:37122-37255	cronobacter	226
244	GCF_002974415.1_ASM297441v1_genomic.fna.gz	NZ_PVBZ01000007.1:90700-91462	cronobacter	226
244	GCF_002974415.1_ASM297441v1_genomic.fna.gz	NZ_PVBZ01000007.1:117629-118573	cronobacter	226
244	GCF_002993165.1_ASM299316v1_genomic.fna.gz	NZ_PVMV01000001.1:476556-477546	cronobacter	3
245	GCF_002993165.1_ASM299316v1_genomic.fna.gz	NZ_PVMV01000001.1:486645-488413	cronobacter	3
246	GCF_002993165.1_ASM299316v1_genomic.fna.gz	NZ_PVMV01000010.1:137112-137689	cronobacter	3
247	GCF_002993165.1_ASM299316v1_genomic.fna.gz	NZ_PVMV01000010.1:163903-164664	cronobacter	3
248	GCF_002071735.1_ASM207173v1_genomic.fna.gz	NZ_MRXQ01000006.1:79977-80556	cronobacter	83
249	GCF_002071735.1_ASM207173v1_genomic.fna.gz	NZ_MRXQ01000006.1:106225-106679	cronobacter	83
250	GCF_002975055.1_ASM297505v1_genomic.fna.gz	NZ_PVDD01000010.1:14437-15186	cronobacter	1
250	GCF_002975055.1_ASM297505v1_genomic.fna.gz	NZ_PVDD01000009.1:90446-91939	cronobacter	1
251	GCF_002975055.1_ASM297505v1_genomic.fna.gz	NZ_PVDD01000009.1:118156-120016	cronobacter	1
251	GCF_001309115.1_ASM130911v1_genomic.fna.gz	NZ_JOLL01000008.1:200135-200652	cronobacter	13
251	GCF_001309115.1_ASM130911v1_genomic.fna.gz	NZ_JOLL01000008.1:227664-228608	cronobacter	13
251	GCF_002977955.1_ASM297795v1_genomic.fna.gz	NZ_NRMD01000001.1:765644-766585	cronobacter	226
252	GCF_002977955.1_ASM297795v1_genomic.fna.gz	NZ_NRMD01000001.1:792754-793333	cronobacter	226
253	GCF_002977955.1_ASM297795v1_genomic.fna.gz	NZ_NRMD01000003.1:368826-368959	cronobacter	226
253	GCF_002977955.1_ASM297795v1_genomic.fna.gz	NZ_NRMD01000006.1:248645-248913	cronobacter	226
253	GCF_002199065.1_ASM219906v1_genomic.fna.gz	NZ_NHQQ01000006.1:201049-203701	cronobacter	64
253	GCF_002199065.1_ASM219906v1_genomic.fna.gz	NZ_NHQQ01000006.1:230137-231265	cronobacter	64
253	GCF_001277175.1_ASM127717v1_genomic.fna.gz	NZ_CP012257.1:1117489-1117946	cronobacter	54
253	GCF_002993215.1_ASM299321v1_genomic.fna.gz	NZ_PVMX01000021.1:1796-2545	cronobacter	1
253	GCF_002993215.1_ASM299321v1_genomic.fna.gz	NZ_PVMX01000063.1:26478-27422	cronobacter	1
254	GCF_002993215.1_ASM299321v1_genomic.fna.gz	NZ_PVMX01000075.1:49-750	cronobacter	1
255	GCF_002101415.1_ASM210141v1_genomic.fna.gz	NZ_NCTQ01000003.1:164603-165059	cronobacter	83
255	GCF_002101415.1_ASM210141v1_genomic.fna.gz	NZ_NCTQ01000003.1:190728-191307	cronobacter	83
255	GCF_002974455.1_ASM297445v1_genomic.fna.gz	NZ_PVCC01000012.1:260807-261075	cronobacter	655
255	GCF_002974455.1_ASM297445v1_genomic.fna.gz	NZ_PVCC01000013.1:194936-195637	cronobacter	655
256	GCF_002974455.1_ASM297445v1_genomic.fna.gz	NZ_PVCC01000013.1:221802-222807	cronobacter	655
257	GCF_002974455.1_ASM297445v1_genomic.fna.gz	NZ_PVCC01000032.1:35231-35364	cronobacter	655
257	GCF_003207675.1_ASM320767v1_genomic.fna.gz	NZ_QISL01000006.1:1221-2043	cronobacter	13
257	GCF_003207675.1_ASM320767v1_genomic.fna.gz	NZ_QISL01000006.1:29055-29694	cronobacter	13
257	GCF_003207375.1_ASM320737v1_genomic.fna.gz	NZ_QISY01000021.1:6251-6768	cronobacter	4
257	GCF_003207375.1_ASM320737v1_genomic.fna.gz	NZ_QISY01000009.1:165609-166918	cronobacter	4
258	GCF_002071775.1_ASM207177v1_genomic.fna.gz	NZ_MRXT01000008.1:79977-80556	cronobacter	83
258	GCF_002071775.1_ASM207177v1_genomic.fna.gz	NZ_MRXT01000008.1:106225-106679	cronobacter	83
258	GCF_002977325.1_ASM297732v1_genomic.fna.gz	NZ_NRKY01000049.1:59-506	cronobacter	544
259	GCF_002977325.1_ASM297732v1_genomic.fna.gz	NZ_NRKY01000005.1:175422-175690	cronobacter	544
260	GCF_002977325.1_ASM297732v1_genomic.fna.gz	NZ_NRKY01000062.1:38-367	cronobacter	544
261	GCF_002977325.1_ASM297732v1_genomic.fna.gz	NZ_NRKY01000062.1:9018-9406	cronobacter	544
262	GCF_002198825.1_ASM219882v1_genomic.fna.gz	NZ_NEYB01000012.1:50-384	cronobacter	64
263	GCF_002198825.1_ASM219882v1_genomic.fna.gz	NZ_NEYB01000038.1:21437-22443	cronobacter	64
264	GCF_002198825.1_ASM219882v1_genomic.fna.gz	NZ_NEYB01000046.1:24-1578	cronobacter	64
265	GCF_002976995.1_ASM297699v1_genomic.fna.gz	NZ_NRKH01000001.1:201283-202837	cronobacter	64
266	GCF_002976995.1_ASM297699v1_genomic.fna.gz	NZ_NRKH01000001.1:229273-230035	cronobacter	64
266	GCF_002977635.1_ASM297763v1_genomic.fna.gz	NZ_NRLN01000022.1:68069-68638	cronobacter	148
266	GCF_002977635.1_ASM297763v1_genomic.fna.gz	NZ_NRLN01000022.1:77348-77984	cronobacter	148
267	GCF_002977635.1_ASM297763v1_genomic.fna.gz	NZ_NRLN01000024.1:44-685	cronobacter	148
268	GCF_002977635.1_ASM297763v1_genomic.fna.gz	NZ_NRLN01000024.1:26518-27153	cronobacter	148
269	GCF_002977635.1_ASM297763v1_genomic.fna.gz	NZ_NRLN01000051.1:16882-17990	cronobacter	148
270	GCF_002977635.1_ASM297763v1_genomic.fna.gz	NZ_NRLN01000075.1:0-576	cronobacter	148
271	GCF_002075715.1_ASM207571v1_genomic.fna.gz	NZ_MRXR01000003.1:504248-504704	cronobacter	4
271	GCF_002075715.1_ASM207571v1_genomic.fna.gz	NZ_MRXR01000003.1:531103-532473	cronobacter	4
271	GCF_003515895.1_ASM351589v1_genomic.fna.gz	NZ_QWKO01000014.1:220630-221878	cronobacter	4
271	GCF_003515895.1_ASM351589v1_genomic.fna.gz	NZ_QWKO01000014.1:248277-248733	cronobacter	4
271	GCF_001971205.1_ASM197120v1_genomic.fna.gz	NZ_JNBL01000056.1:90807-92188	cronobacter	4
272	GCF_001971205.1_ASM197120v1_genomic.fna.gz	NZ_JNBL01000056.1:118587-119043	cronobacter	4
272	GCF_002114555.1_ASM211455v1_genomic.fna.gz	NZ_NDXF01000115.1:2318-5522	cronobacter	256
273	GCF_002114555.1_ASM211455v1_genomic.fna.gz	NZ_NDXF01000027.1:22299-22508	cronobacter	256
273	GCF_002114555.1_ASM211455v1_genomic.fna.gz	NZ_NDXF01000044.1:69063-69519	cronobacter	256
274	GCF_002114555.1_ASM211455v1_genomic.fna.gz	NZ_NDXF01000078.1:32510-33515	cronobacter	256
275	GCF_001309295.1_ASM130929v1_genomic.fna.gz	NZ_JOLV01000013.1:90794-92164	cronobacter	4
275	GCF_001309295.1_ASM130929v1_genomic.fna.gz	NZ_JOLV01000013.1:118563-119019	cronobacter	4
275	GCF_002976495.1_ASM297649v1_genomic.fna.gz	NZ_PVCF01000048.1:86272-87581	cronobacter	4
275	GCF_002976495.1_ASM297649v1_genomic.fna.gz	NZ_PVCF01000048.1:113979-114435	cronobacter	4
275	GCF_002978705.1_ASM297870v1_genomic.fna.gz	NZ_NRNS01000003.1:175128-177842	cronobacter	547
276	GCF_002978705.1_ASM297870v1_genomic.fna.gz	NZ_NRNS01000003.1:204267-205945	cronobacter	547
277	GCF_003207575.1_ASM320757v1_genomic.fna.gz	NZ_QIRS01000002.1:788309-788765	cronobacter	4
277	GCF_003207575.1_ASM320757v1_genomic.fna.gz	NZ_QIRS01000002.1:815163-816594	cronobacter	4
277	GCF_002999875.1_ASM299987v1_genomic.fna.gz	NZ_PVSQ01000003.1:196709-197226	cronobacter	99
277	GCF_002999875.1_ASM299987v1_genomic.fna.gz	NZ_PVSQ01000003.1:224303-225980	cronobacter	99
277	GCF_002974375.1_ASM297437v1_genomic.fna.gz	NZ_PVBW01000013.1:48-443	cronobacter	219
278	GCF_002974375.1_ASM297437v1_genomic.fna.gz	NZ_PVBW01000014.1:90773-92083	cronobacter	219
279	GCF_000409305.1_Cmal825_final_contigs_genomic.fna.gz	NZ_AJKV01000070.1:190837-191659	cronobacter	7
280	GCF_000409305.1_Cmal825_final_contigs_genomic.fna.gz	NZ_AJKV01000071.1:8768-9346	cronobacter	7
281	GCF_003207435.1_ASM320743v1_genomic.fna.gz	NZ_QITC01000026.1:61-578	cronobacter	13
282	GCF_002977835.1_ASM297783v1_genomic.fna.gz	NZ_NRLX01000002.1:190470-191049	cronobacter	136
283	GCF_002977835.1_ASM297783v1_genomic.fna.gz	NZ_NRLX01000002.1:217151-217545	cronobacter	136
284	GCF_002974555.1_ASM297455v1_genomic.fna.gz	NZ_PVCM01000011.1:11409-13024	cronobacter	1
285	GCF_002974555.1_ASM297455v1_genomic.fna.gz	NZ_PVCM01000028.1:67283-67791	cronobacter	1
286	GCF_002974555.1_ASM297455v1_genomic.fna.gz	NZ_PVCM01000038.1:77525-79385	cronobacter	1
286	GCF_002075635.1_ASM207563v1_genomic.fna.gz	NZ_MRXL01000008.1:587344-587679	cronobacter	4
286	GCF_002075635.1_ASM207563v1_genomic.fna.gz	NZ_MRXL01000008.1:614077-615325	cronobacter	4
286	GCF_003858295.1_ASM385829v1_genomic.fna.gz	NZ_PQJN01000007.1:42083-42600	cronobacter	73
287	GCF_003858295.1_ASM385829v1_genomic.fna.gz	NZ_PQJN01000007.1:69606-70306	cronobacter	73
288	GCF_002977765.1_ASM297776v1_genomic.fna.gz	NZ_NRLT01000022.1:55328-55536	cronobacter	21
289	GCF_002977765.1_ASM297776v1_genomic.fna.gz	NZ_NRLT01000033.1:48-627	cronobacter	21
290	GCF_002977765.1_ASM297776v1_genomic.fna.gz	NZ_NRLT01000041.1:3566-4022	cronobacter	21
291	GCF_002974975.1_ASM297497v1_genomic.fna.gz	NZ_PVDH01000011.1:134483-136159	cronobacter	1
291	GCF_002974975.1_ASM297497v1_genomic.fna.gz	NZ_PVDH01000019.1:13547-14296	cronobacter	1
291	GCF_002974975.1_ASM297497v1_genomic.fna.gz	NZ_PVDH01000021.1:106888-108748	cronobacter	1
291	GCF_003516105.1_ASM351610v1_genomic.fna.gz	NZ_CP027109.1:496140-496468	cronobacter	1
292	GCF_003516105.1_ASM351610v1_genomic.fna.gz	NZ_CP027109.1:850292-851968	cronobacter	1
293	GCF_003516105.1_ASM351610v1_genomic.fna.gz	NZ_CP027109.1:878184-879922	cronobacter	1
294	GCF_002974805.1_ASM297480v1_genomic.fna.gz	NZ_PVCK01000018.1:201049-203701	cronobacter	64
295	GCF_002974805.1_ASM297480v1_genomic.fna.gz	NZ_PVCK01000018.1:230137-231204	cronobacter	64
295	GCF_000742335.1_ASM74233v1_genomic.fna.gz	NZ_JPZD01000056.1:13716-15088	cronobacter	129
296	GCF_003207055.1_ASM320705v1_genomic.fna.gz	NZ_QIRX01000006.1:1237-1693	cronobacter	375
296	GCF_003207055.1_ASM320705v1_genomic.fna.gz	NZ_QIRX01000006.1:28697-29580	cronobacter	375
296	GCF_001309225.1_ASM130922v1_genomic.fna.gz	NZ_JOLR01000019.1:69399-69855	cronobacter	4
296	GCF_001309225.1_ASM130922v1_genomic.fna.gz	NZ_JOLR01000019.1:96254-97624	cronobacter	4
296	GCF_002977175.1_ASM297717v1_genomic.fna.gz	NZ_NRKQ01000008.1:46070-46771	cronobacter	308
297	GCF_002977175.1_ASM297717v1_genomic.fna.gz	NZ_NRKQ01000008.1:72872-73327	cronobacter	308
298	GCF_002978625.1_ASM297862v1_genomic.fna.gz	NZ_NRNO01000014.1:82046-82624	cronobacter	570
299	GCF_002978625.1_ASM297862v1_genomic.fna.gz	NZ_NRNO01000066.1:9-2783	cronobacter	570
300	GCF_002978625.1_ASM297862v1_genomic.fna.gz	NZ_NRNO01000091.1:5645-9031	cronobacter	570
301	GCF_001309015.1_ASM130901v1_genomic.fna.gz	NZ_JOLG01000039.1:69282-69738	cronobacter	4
301	GCF_001309015.1_ASM130901v1_genomic.fna.gz	NZ_JOLG01000039.1:96137-97507	cronobacter	4
301	GCF_002978895.1_ASM297889v1_genomic.fna.gz	NZ_NROD01000012.1:157292-158297	cronobacter	106
301	GCF_002978895.1_ASM297889v1_genomic.fna.gz	NZ_NROD01000012.1:184748-185814	cronobacter	106
301	GCF_002198775.1_ASM219877v1_genomic.fna.gz	NZ_NHQL01000012.1:51-1971	cronobacter	64
302	GCF_002198775.1_ASM219877v1_genomic.fna.gz	NZ_NHQL01000017.1:369504-370510	cronobacter	64
302	GCF_002198775.1_ASM219877v1_genomic.fna.gz	NZ_NHQL01000017.1:396779-397418	cronobacter	64
303	GCF_000027065.2_ASM2706v1_genomic.fna.gz	NC_013282.2:1103032-1105318	cronobacter	19
304	GCF_000027065.2_ASM2706v1_genomic.fna.gz	NC_013282.2:1132147-1134189	cronobacter	19
305	GCF_003207475.1_ASM320747v1_genomic.fna.gz	NZ_QITG01000006.1:1245-2067	cronobacter	13
305	GCF_003207475.1_ASM320747v1_genomic.fna.gz	NZ_QITG01000006.1:29079-29718	cronobacter	13
305	GCF_001277275.1_ASM127727v1_genomic.fna.gz	NZ_CP012253.1:2819648-2820104	cronobacter	4
305	GCF_001277275.1_ASM127727v1_genomic.fna.gz	NZ_CP012253.1:2846502-2847811	cronobacter	4
305	GCF_002942205.1_ASM294220v1_genomic.fna.gz	NZ_PTPE01000023.1:4870-5326	cronobacter	4
305	GCF_002942205.1_ASM294220v1_genomic.fna.gz	NZ_PTPE01000023.1:31724-33033	cronobacter	4
305	GCF_002975135.1_ASM297513v1_genomic.fna.gz	NZ_PVDG01000014.1:117549-118005	cronobacter	21
306	GCF_002975135.1_ASM297513v1_genomic.fna.gz	NZ_PVDG01000014.1:144233-145787	cronobacter	21
307	GCF_002975135.1_ASM297513v1_genomic.fna.gz	NZ_PVDG01000018.1:134363-134571	cronobacter	21
307	GCF_002974395.1_ASM297439v1_genomic.fna.gz	NZ_PVCA01000032.1:67884-68152	cronobacter	226
307	GCF_002974395.1_ASM297439v1_genomic.fna.gz	NZ_PVCA01000051.1:0-206	cronobacter	226
308	GCF_002974395.1_ASM297439v1_genomic.fna.gz	NZ_PVCA01000051.1:26372-27316	cronobacter	226
308	GCF_002974395.1_ASM297439v1_genomic.fna.gz	NZ_PVCA01000006.1:60-578	cronobacter	226
309	GCF_003207495.1_ASM320749v1_genomic.fna.gz	NZ_QIRK01000004.1:76503-76711	cronobacter	21
310	GCF_003207495.1_ASM320749v1_genomic.fna.gz	NZ_QIRK01000005.1:156125-157617	cronobacter	21
311	GCF_003207495.1_ASM320749v1_genomic.fna.gz	NZ_QIRK01000005.1:183845-184301	cronobacter	21
311	GCF_000263215.1_ASM26321v1_genomic.fna.gz	NC_017933.1:3139748-3140265	cronobacter	125
312	GCF_000263215.1_ASM26321v1_genomic.fna.gz	NC_017933.1:3166685-3167631	cronobacter	125
313	GCF_002977275.1_ASM297727v1_genomic.fna.gz	NZ_NRKV01000010.1:41-850	cronobacter	37
314	GCF_002977275.1_ASM297727v1_genomic.fna.gz	NZ_NRKV01000010.1:9501-10791	cronobacter	37
315	GCF_002977275.1_ASM297727v1_genomic.fna.gz	NZ_NRKV01000013.1:76738-77187	cronobacter	37
316	GCF_002977275.1_ASM297727v1_genomic.fna.gz	NZ_NRKV01000002.1:794873-796183	cronobacter	37
317	GCF_002977275.1_ASM297727v1_genomic.fna.gz	NZ_NRKV01000002.1:822439-823930	cronobacter	37
318	GCF_002094495.1_ASM209449v1_genomic.fna.gz	NZ_MBRP01000005.1:149112-150360	cronobacter	4
319	GCF_002094495.1_ASM209449v1_genomic.fna.gz	NZ_MBRP01000005.1:176758-177214	cronobacter	4
319	GCF_003177135.1_ASM317713v1_genomic.fna.gz	NZ_QHGV01000040.1:40-1351	cronobacter	223
320	GCF_002198935.1_ASM219893v1_genomic.fna.gz	NZ_NEYA01000035.1:61-761	cronobacter	64
321	GCF_002198935.1_ASM219893v1_genomic.fna.gz	NZ_NEYA01000044.1:18844-19606	cronobacter	64
322	GCF_002532235.1_ASM253223v1_genomic.fna.gz	NZ_NITD01000004.1:245584-246101	cronobacter	13
323	GCF_002532235.1_ASM253223v1_genomic.fna.gz	NZ_NITD01000004.1:273112-273811	cronobacter	13
324	GCF_002532545.1_ASM253254v1_genomic.fna.gz	NZ_NITS01000003.1:90645-91345	cronobacter	643
325	GCF_002532545.1_ASM253254v1_genomic.fna.gz	NZ_NITS01000064.1:52-325	cronobacter	643
326	GCF_002978695.1_ASM297869v1_genomic.fna.gz	NZ_NRNT01000002.1:184809-186546	cronobacter	482
327	GCF_002978695.1_ASM297869v1_genomic.fna.gz	NZ_NRNT01000002.1:212767-214931	cronobacter	482
328	GCF_002978695.1_ASM297869v1_genomic.fna.gz	NZ_NRNT01000003.1:76710-77279	cronobacter	482
329	GCF_002198815.1_ASM219881v1_genomic.fna.gz	NZ_NHQM01000016.1:301356-302362	cronobacter	64
330	GCF_002198815.1_ASM219881v1_genomic.fna.gz	NZ_NHQM01000016.1:328458-329341	cronobacter	64
331	GCF_002101435.1_ASM210143v1_genomic.fna.gz	NZ_NCTR01000003.1:1146457-1147036	cronobacter	83
331	GCF_002101435.1_ASM210143v1_genomic.fna.gz	NZ_NCTR01000003.1:1172594-1173048	cronobacter	83
331	GCF_002977715.1_ASM297771v1_genomic.fna.gz	NZ_NRLR01000001.1:45-376	cronobacter	4
332	GCF_002977715.1_ASM297771v1_genomic.fna.gz	NZ_NRLR01000001.1:26592-27109	cronobacter	4
332	GCF_002977715.1_ASM297771v1_genomic.fna.gz	NZ_NRLR01000013.1:90852-91186	cronobacter	4
333	GCF_002071765.1_ASM207176v1_genomic.fna.gz	NZ_MRXM01000001.1:237954-238410	cronobacter	83
333	GCF_002071765.1_ASM207176v1_genomic.fna.gz	NZ_MRXM01000001.1:264079-264658	cronobacter	83
333	GCF_002978075.1_ASM297807v1_genomic.fna.gz	NZ_NRMJ01000001.1:775394-776457	cronobacter	279
334	GCF_002978075.1_ASM297807v1_genomic.fna.gz	NZ_NRMJ01000001.1:802627-803389	cronobacter	279
334	GCF_002978075.1_ASM297807v1_genomic.fna.gz	NZ_NRMJ01000004.1:116778-117017	cronobacter	279
335	GCF_002978075.1_ASM297807v1_genomic.fna.gz	NZ_NRMJ01000008.1:76635-76903	cronobacter	279
335	GCF_900447495.1_58901_B01_genomic.fna.gz	NZ_UFYB01000001.1:783708-783841	cronobacter	18
335	GCF_900447495.1_58901_B01_genomic.fna.gz	NZ_UFYB01000001.1:3351080-3351537	cronobacter	18
336	GCF_900447495.1_58901_B01_genomic.fna.gz	NZ_UFYB01000001.1:3377935-3379184	cronobacter	18
337	GCF_001309095.1_ASM130909v1_genomic.fna.gz	NZ_JOLK01000010.1:244005-244393	cronobacter	12
337	GCF_001309095.1_ASM130909v1_genomic.fna.gz	NZ_JOLK01000021.1:118691-119391	cronobacter	12
337	GCF_001309095.1_ASM130909v1_genomic.fna.gz	NZ_JOLK01000021.1:146405-146923	cronobacter	12
337	GCF_002166885.1_ASM216688v1_genomic.fna.gz	NZ_NHTW01000008.1:88302-89004	cronobacter	145
338	GCF_002166885.1_ASM216688v1_genomic.fna.gz	NZ_NHTW01000008.1:115325-115954	cronobacter	145
339	GCF_002974355.1_ASM297435v1_genomic.fna.gz	NZ_PVBV01000022.1:90871-91997	cronobacter	4
340	GCF_002974355.1_ASM297435v1_genomic.fna.gz	NZ_PVBV01000022.1:118395-118851	cronobacter	4
340	GCF_003207315.1_ASM320731v1_genomic.fna.gz	NZ_QISU01000006.1:1209-2031	cronobacter	13
340	GCF_003207315.1_ASM320731v1_genomic.fna.gz	NZ_QISU01000006.1:29043-29682	cronobacter	13
340	GCF_003858305.1_ASM385830v1_genomic.fna.gz	NZ_PSON01000014.1:50589-51839	cronobacter	567
341	GCF_003858305.1_ASM385830v1_genomic.fna.gz	NZ_PSON01000014.1:78529-79474	cronobacter	567
342	GCF_002977475.1_ASM297747v1_genomic.fna.gz	NZ_NRLF01000052.1:41749-44279	cronobacter	492
343	GCF_002977475.1_ASM297747v1_genomic.fna.gz	NZ_NRLF01000069.1:18466-19411	cronobacter	492
344	GCF_002978405.1_ASM297840v1_genomic.fna.gz	NZ_NRNF01000106.1:61-456	cronobacter	7
345	GCF_002978405.1_ASM297840v1_genomic.fna.gz	NZ_NRNF01000006.1:94454-95276	cronobacter	7
345	GCF_002978405.1_ASM297840v1_genomic.fna.gz	NZ_NRNF01000006.1:121995-122817	cronobacter	7
346	GCF_002978135.1_ASM297813v1_genomic.fna.gz	NZ_NRMM01000007.1:92921-93682	cronobacter	7
347	GCF_002978135.1_ASM297813v1_genomic.fna.gz	NZ_NRMM01000007.1:120401-121284	cronobacter	7
348	GCF_002979075.1_ASM297907v1_genomic.fna.gz	NZ_NRON01000014.1:82044-82194	cronobacter	582
349	GCF_002979075.1_ASM297907v1_genomic.fna.gz	NZ_NRON01000033.1:3-1375	cronobacter	582
350	GCF_002979075.1_ASM297907v1_genomic.fna.gz	NZ_NRON01000033.1:28033-29179	cronobacter	582
351	GCF_002979075.1_ASM297907v1_genomic.fna.gz	NZ_NRON01000005.1:78307-78816	cronobacter	582
352	GCF_002979075.1_ASM297907v1_genomic.fna.gz	NZ_NRON01000005.1:87287-88577	cronobacter	582
353	GCF_002977735.1_ASM297773v1_genomic.fna.gz	NZ_NRLS01000001.1:58-390	cronobacter	4
354	GCF_002977735.1_ASM297773v1_genomic.fna.gz	NZ_NRLS01000001.1:26428-26884	cronobacter	4
354	GCF_002977735.1_ASM297773v1_genomic.fna.gz	NZ_NRLS01000007.1:192585-193164	cronobacter	4
355	GCF_002198805.1_ASM219880v1_genomic.fna.gz	NZ_NEXY01000027.1:201037-203750	cronobacter	64
355	GCF_002198805.1_ASM219880v1_genomic.fna.gz	NZ_NEXY01000027.1:230187-231193	cronobacter	64
355	GCF_003206395.1_ASM320639v1_genomic.fna.gz	NZ_QITE01000002.1:822528-824934	cronobacter	42
356	GCF_003206395.1_ASM320639v1_genomic.fna.gz	NZ_QITE01000003.1:476861-477069	cronobacter	42
357	GCF_002977785.1_ASM297778v1_genomic.fna.gz	NZ_NRLW01000019.1:4601-4996	cronobacter	4
358	GCF_002977785.1_ASM297778v1_genomic.fna.gz	NZ_NRLW01000019.1:31212-32461	cronobacter	4
359	GCF_000017665.1_ASM1766v1_genomic.fna.gz	NC_009778.1:2777860-2779720	cronobacter	1
360	GCF_000017665.1_ASM1766v1_genomic.fna.gz	NC_009778.1:2805937-2807613	cronobacter	1
360	GCF_000017665.1_ASM1766v1_genomic.fna.gz	NC_009778.1:3130762-3131511	cronobacter	1
360	GCF_003207555.1_ASM320755v1_genomic.fna.gz	NZ_QIRQ01000006.1:1245-2067	cronobacter	13
360	GCF_003207555.1_ASM320755v1_genomic.fna.gz	NZ_QIRQ01000006.1:29079-29718	cronobacter	13
360	GCF_003207725.1_ASM320772v1_genomic.fna.gz	NZ_QISV01000007.1:1245-2006	cronobacter	13
360	GCF_003207725.1_ASM320772v1_genomic.fna.gz	NZ_QISV01000007.1:29018-29657	cronobacter	13
360	GCF_002942245.1_ASM294224v1_genomic.fna.gz	NZ_PTOM01000023.1:134503-136179	cronobacter	1
360	GCF_002942245.1_ASM294224v1_genomic.fna.gz	NZ_PTOM01000023.1:162396-164256	cronobacter	1
360	GCF_002942245.1_ASM294224v1_genomic.fna.gz	NZ_PTOM01000003.1:76395-77144	cronobacter	1
360	GCF_002976775.1_ASM297677v1_genomic.fna.gz	NZ_NRJV01000012.1:81994-82873	cronobacter	209
361	GCF_002976775.1_ASM297677v1_genomic.fna.gz	NZ_NRJV01000014.1:76605-76814	cronobacter	209
362	GCF_002976775.1_ASM297677v1_genomic.fna.gz	NZ_NRJV01000064.1:6128-7073	cronobacter	209
363	GCF_002976775.1_ASM297677v1_genomic.fna.gz	NZ_NRJV01000070.1:17800-19871	cronobacter	209
364	GCF_002095015.1_ASM209501v1_genomic.fna.gz	NZ_MBRN01000188.1:6075-6836	cronobacter	8
365	GCF_002095015.1_ASM209501v1_genomic.fna.gz	NZ_MBRN01000002.1:10382-10650	cronobacter	8
365	GCF_002095015.1_ASM209501v1_genomic.fna.gz	NZ_MBRN01000060.1:1158-1859	cronobacter	8
366	GCF_002095015.1_ASM209501v1_genomic.fna.gz	NZ_MBRN01000080.1:3600-3733	cronobacter	8
367	GCF_000742395.1_ASM74239v1_genomic.fna.gz	NZ_JPZG01000116.1:3957-4596	cronobacter	7
368	GCF_000742395.1_ASM74239v1_genomic.fna.gz	NZ_JPZG01000275.1:121-943	cronobacter	7
368	GCF_000409325.1_Cuni9529_final_contigs_genomic.fna.gz	NZ_AJKW01000011.1:151185-151642	cronobacter	54
369	GCF_002532295.1_ASM253229v1_genomic.fna.gz	NZ_NITH01000018.1:203247-203825	cronobacter	40
369	GCF_002532295.1_ASM253229v1_genomic.fna.gz	NZ_NITH01000003.1:251358-251567	cronobacter	40
369	GCF_002198855.1_ASM219885v1_genomic.fna.gz	NZ_NEYD01000060.1:52001-53007	cronobacter	64
369	GCF_002198855.1_ASM219885v1_genomic.fna.gz	NZ_NEYD01000068.1:5018-7731	cronobacter	64
369	GCF_003207645.1_ASM320764v1_genomic.fna.gz	NZ_QISD01000006.1:245510-246149	cronobacter	13
369	GCF_003207645.1_ASM320764v1_genomic.fna.gz	NZ_QISD01000006.1:273161-273983	cronobacter	13
369	GCF_002974475.1_ASM297447v1_genomic.fna.gz	NZ_PVCD01000001.1:83-478	cronobacter	643
370	GCF_002974475.1_ASM297447v1_genomic.fna.gz	NZ_PVCD01000001.1:27490-28190	cronobacter	643
370	GCF_002974475.1_ASM297447v1_genomic.fna.gz	NZ_PVCD01000027.1:93465-94286	cronobacter	643
371	GCF_002979135.1_ASM297913v1_genomic.fna.gz	NZ_NROO01000113.1:9-767	cronobacter	570
372	GCF_002979135.1_ASM297913v1_genomic.fna.gz	NZ_NROO01000025.1:44-1110	cronobacter	570
373	GCF_002979135.1_ASM297913v1_genomic.fna.gz	NZ_NROO01000064.1:31-363	cronobacter	570
374	GCF_002979135.1_ASM297913v1_genomic.fna.gz	NZ_NROO01000088.1:27-301	cronobacter	570
375	GCF_002979135.1_ASM297913v1_genomic.fna.gz	NZ_NROO01000097.1:2958-3536	cronobacter	570
376	GCF_003207775.1_ASM320777v1_genomic.fna.gz	NZ_QITD01000006.1:1237-1693	cronobacter	375
376	GCF_003207775.1_ASM320777v1_genomic.fna.gz	NZ_QITD01000006.1:28697-29580	cronobacter	375
376	GCF_002942115.1_ASM294211v1_genomic.fna.gz	NZ_PTOR01000001.1:216134-217017	cronobacter	13
377	GCF_002942115.1_ASM294211v1_genomic.fna.gz	NZ_PTOR01000001.1:244025-244846	cronobacter	13
378	GCF_002976795.1_ASM297679v1_genomic.fna.gz	NZ_NRJX01000049.1:18709-19165	cronobacter	4
378	GCF_002976795.1_ASM297679v1_genomic.fna.gz	NZ_NRJX01000006.1:7700-9131	cronobacter	4
378	GCF_002975155.1_ASM297515v1_genomic.fna.gz	NZ_PVDJ01000016.1:137463-138224	cronobacter	73
378	GCF_002975155.1_ASM297515v1_genomic.fna.gz	NZ_PVDJ01000016.1:165230-166052	cronobacter	73
378	GCF_002094715.1_ASM209471v1_genomic.fna.gz	NZ_MBSA01000023.1:36200-37631	cronobacter	266
378	GCF_002993205.1_ASM299320v1_genomic.fna.gz	NZ_PVMY01000019.1:90584-91893	cronobacter	4
378	GCF_002993205.1_ASM299320v1_genomic.fna.gz	NZ_PVMY01000019.1:118291-118747	cronobacter	4
378	GCF_002978815.1_ASM297881v1_genomic.fna.gz	NZ_NRNZ01000028.1:42733-44410	cronobacter	570
379	GCF_002978815.1_ASM297881v1_genomic.fna.gz	NZ_NRNZ01000006.1:76-1508	cronobacter	570
380	GCF_002978815.1_ASM297881v1_genomic.fna.gz	NZ_NRNZ01000006.1:27528-30364	cronobacter	570
381	GCF_000463095.2_CroSakNCIMB8271_1.0_genomic.fna.gz	NZ_AWFW01000052.1:778689-779145	cronobacter	4
381	GCF_000463095.2_CroSakNCIMB8271_1.0_genomic.fna.gz	NZ_AWFW01000052.1:805543-806852	cronobacter	4
381	GCF_002094645.1_ASM209464v1_genomic.fna.gz	NZ_MBRX01000013.1:7514-8276	cronobacter	8
381	GCF_002094645.1_ASM209464v1_genomic.fna.gz	NZ_MBRX01000004.1:72771-73039	cronobacter	8
381	GCF_002094645.1_ASM209464v1_genomic.fna.gz	NZ_MBRX01000061.1:311-1069	cronobacter	8
382	GCF_003207095.1_ASM320709v1_genomic.fna.gz	NZ_QISA01000003.1:290802-292662	cronobacter	1
382	GCF_003207095.1_ASM320709v1_genomic.fna.gz	NZ_QISA01000003.1:318879-320494	cronobacter	1
382	GCF_003207095.1_ASM320709v1_genomic.fna.gz	NZ_QISA01000004.1:76728-77356	cronobacter	1
383	GCF_002977405.1_ASM297740v1_genomic.fna.gz	NZ_NRLC01000004.1:155077-156572	cronobacter	538
384	GCF_002977405.1_ASM297740v1_genomic.fna.gz	NZ_NRLC01000004.1:182895-185060	cronobacter	538
385	GCF_002976545.1_ASM297654v1_genomic.fna.gz	NZ_NRJM01000008.1:21077-21410	cronobacter	344
386	GCF_002976545.1_ASM297654v1_genomic.fna.gz	NZ_NRJM01000089.1:6176-6937	cronobacter	344
387	GCF_001308965.1_ASM130896v1_genomic.fna.gz	NZ_JOLD01000007.1:197373-198743	cronobacter	4
387	GCF_001308965.1_ASM130896v1_genomic.fna.gz	NZ_JOLD01000007.1:225142-225598	cronobacter	4
387	GCF_002979015.1_ASM297901v1_genomic.fna.gz	NZ_NROI01000068.1:170284-172144	cronobacter	476
388	GCF_002979015.1_ASM297901v1_genomic.fna.gz	NZ_NROI01000068.1:198681-201944	cronobacter	476
389	GCF_002977895.1_ASM297789v1_genomic.fna.gz	NZ_NRLZ01000002.1:452515-452724	cronobacter	40
389	GCF_002977895.1_ASM297789v1_genomic.fna.gz	NZ_NRLZ01000005.1:188996-189635	cronobacter	40
390	GCF_002075545.1_ASM207554v1_genomic.fna.gz	NZ_MRXC01000108.1:15810-15943	cronobacter	8
390	GCF_002075545.1_ASM207554v1_genomic.fna.gz	NZ_MRXC01000111.1:206-1147	cronobacter	8
390	GCF_002075545.1_ASM207554v1_genomic.fna.gz	NZ_MRXC01000016.1:162923-163191	cronobacter	8
390	GCF_002075545.1_ASM207554v1_genomic.fna.gz	NZ_MRXC01000003.1:25461-26162	cronobacter	8
390	GCF_002198865.1_ASM219886v1_genomic.fna.gz	NZ_NEYE01000011.1:43312-46025	cronobacter	64
390	GCF_002198865.1_ASM219886v1_genomic.fna.gz	NZ_NEYE01000038.1:72624-73630	cronobacter	64
390	GCF_002093915.1_ASM209391v1_genomic.fna.gz	NZ_KZ084311.1:195566-196875	cronobacter	60
391	GCF_002093915.1_ASM209391v1_genomic.fna.gz	NZ_KZ084311.1:223589-224656	cronobacter	60
391	GCF_002093915.1_ASM209391v1_genomic.fna.gz	NZ_LGRM01000008.1:163803-164070	cronobacter	60
391	GCF_002093915.1_ASM209391v1_genomic.fna.gz	NZ_KZ084312.1:119231-120113	cronobacter	60
392	GCF_001922855.1_ASM192285v1_genomic.fna.gz	NZ_MSAE01000032.1:15406-16228	cronobacter	546
393	GCF_001922855.1_ASM192285v1_genomic.fna.gz	NZ_MSAE01000057.1:1767-4477	cronobacter	546
394	GCF_002977245.1_ASM297724v1_genomic.fna.gz	NZ_NRKU01000014.1:25-298	cronobacter	488
395	GCF_002977245.1_ASM297724v1_genomic.fna.gz	NZ_NRKU01000014.1:26660-27419	cronobacter	488
396	GCF_002977245.1_ASM297724v1_genomic.fna.gz	NZ_NRKU01000003.1:326624-327013	cronobacter	488
397	GCF_002977245.1_ASM297724v1_genomic.fna.gz	NZ_NRKU01000004.1:35-1528	cronobacter	488
398	GCF_000339015.1_ASM33901v1_genomic.fna.gz	NC_020260.1:2820343-2820799	cronobacter	4
398	GCF_000339015.1_ASM33901v1_genomic.fna.gz	NC_020260.1:2847197-2848506	cronobacter	4
398	GCF_003207115.1_ASM320711v1_genomic.fna.gz	NZ_QISE01000006.1:1209-2092	cronobacter	13
398	GCF_003207115.1_ASM320711v1_genomic.fna.gz	NZ_QISE01000006.1:29104-29743	cronobacter	13
398	GCF_002976715.1_ASM297671v1_genomic.fna.gz	NZ_NRJU01000037.1:17800-19049	cronobacter	543
399	GCF_002976715.1_ASM297671v1_genomic.fna.gz	NZ_NRJU01000008.1:6888-8502	cronobacter	543
400	GCF_002976955.1_ASM297695v1_genomic.fna.gz	NZ_NRKG01000003.1:105652-106595	cronobacter	23
401	GCF_002976955.1_ASM297695v1_genomic.fna.gz	NZ_NRKG01000003.1:132878-134430	cronobacter	23
402	GCF_002976955.1_ASM297695v1_genomic.fna.gz	NZ_NRKG01000008.1:72207-72340	cronobacter	23
402	GCF_002977095.1_ASM297709v1_genomic.fna.gz	NZ_NRKM01000033.1:43-253	cronobacter	23
403	GCF_002977095.1_ASM297709v1_genomic.fna.gz	NZ_NRKM01000004.1:107193-107326	cronobacter	23
403	GCF_002977095.1_ASM297709v1_genomic.fna.gz	NZ_NRKM01000047.1:46-498	cronobacter	23
404	GCF_002977095.1_ASM297709v1_genomic.fna.gz	NZ_NRKM01000047.1:26533-27603	cronobacter	23
405	GCF_002977095.1_ASM297709v1_genomic.fna.gz	NZ_NRKM01000084.1:24-662	cronobacter	23
406	GCF_002532435.1_ASM253243v1_genomic.fna.gz	NZ_NITL01000001.1:199830-200468	cronobacter	17
407	GCF_002532435.1_ASM253243v1_genomic.fna.gz	NZ_NITL01000001.1:226953-227714	cronobacter	17
407	GCF_002532435.1_ASM253243v1_genomic.fna.gz	NZ_NITL01000004.1:76647-78295	cronobacter	17
408	GCF_002532435.1_ASM253243v1_genomic.fna.gz	NZ_NITL01000004.1:87394-87784	cronobacter	17
409	GCF_001308935.1_ASM130893v1_genomic.fna.gz	NZ_JOLF01000035.1:28830-29286	cronobacter	4
409	GCF_001308935.1_ASM130893v1_genomic.fna.gz	NZ_JOLF01000203.1:90971-92341	cronobacter	4
409	GCF_001735615.1_Csak-MOD1-GK1025B_genomic.fna.gz	NZ_MCOE01000001.1:49-506	cronobacter	64
410	GCF_001735615.1_Csak-MOD1-GK1025B_genomic.fna.gz	NZ_MCOE01000022.1:33845-36497	cronobacter	64
410	GCF_002993175.1_ASM299317v1_genomic.fna.gz	NZ_PVMW01000001.1:101248-102250	cronobacter	655
411	GCF_002993175.1_ASM299317v1_genomic.fna.gz	NZ_PVMW01000001.1:128418-129119	cronobacter	655
412	GCF_002993175.1_ASM299317v1_genomic.fna.gz	NZ_PVMW01000013.1:37122-37255	cronobacter	655
412	GCF_002993175.1_ASM299317v1_genomic.fna.gz	NZ_PVMW01000007.1:260804-261072	cronobacter	655
412	GCF_002075505.1_ASM207550v1_genomic.fna.gz	NZ_MRXE01000125.1:25461-26162	cronobacter	8
412	GCF_002075505.1_ASM207550v1_genomic.fna.gz	NZ_MRXE01000125.1:52329-53273	cronobacter	8
413	GCF_002075505.1_ASM207550v1_genomic.fna.gz	NZ_MRXE01000040.1:37186-37319	cronobacter	8
413	GCF_002075505.1_ASM207550v1_genomic.fna.gz	NZ_MRXE01000071.1:67895-68163	cronobacter	8
413	GCF_001309185.1_ASM130918v1_genomic.fna.gz	NZ_JOLP01000024.1:40669-41186	cronobacter	13
413	GCF_001309185.1_ASM130918v1_genomic.fna.gz	NZ_JOLP01000024.1:68198-69142	cronobacter	13
413	GCF_002094595.1_ASM209459v1_genomic.fna.gz	NZ_MBRV01000182.1:55-570	cronobacter	283
414	GCF_002094595.1_ASM209459v1_genomic.fna.gz	NZ_MBRV01000211.1:7125-7276	cronobacter	283
415	GCF_002979035.1_ASM297903v1_genomic.fna.gz	NZ_NROJ01000001.1:1113646-1115140	cronobacter	163
416	GCF_003207395.1_ASM320739v1_genomic.fna.gz	NZ_QITA01000006.1:245486-246125	cronobacter	13
416	GCF_003207395.1_ASM320739v1_genomic.fna.gz	NZ_QITA01000006.1:273137-273959	cronobacter	13
416	GCF_003206445.1_ASM320644v1_genomic.fna.gz	NZ_QISP01000007.1:245510-246149	cronobacter	13
416	GCF_003206445.1_ASM320644v1_genomic.fna.gz	NZ_QISP01000007.1:273161-273983	cronobacter	13
416	GCF_002978455.1_ASM297845v1_genomic.fna.gz	NZ_NRNI01000028.1:160576-161337	cronobacter	7
417	GCF_002978455.1_ASM297845v1_genomic.fna.gz	NZ_NRNI01000028.1:188056-189061	cronobacter	7
418	GCF_002977755.1_ASM297775v1_genomic.fna.gz	NZ_NRLV01000003.1:39-189	cronobacter	17
419	GCF_002977755.1_ASM297775v1_genomic.fna.gz	NZ_NRLV01000032.1:47058-47511	cronobacter	17
420	GCF_002977755.1_ASM297775v1_genomic.fna.gz	NZ_NRLV01000037.1:49-195	cronobacter	17
421	GCF_002977755.1_ASM297775v1_genomic.fna.gz	NZ_NRLV01000047.1:20412-21052	cronobacter	17
422	GCF_002977755.1_ASM297775v1_genomic.fna.gz	NZ_NRLV01000053.1:17628-18013	cronobacter	17
423	GCF_002977755.1_ASM297775v1_genomic.fna.gz	NZ_NRLV01000061.1:14-462	cronobacter	17
424	GCF_002977755.1_ASM297775v1_genomic.fna.gz	NZ_NRLV01000061.1:9561-9889	cronobacter	17
425	GCF_002978805.1_ASM297880v1_genomic.fna.gz	NZ_NRNX01000109.1:44-1170	cronobacter	549
426	GCF_002978805.1_ASM297880v1_genomic.fna.gz	NZ_NRNX01000197.1:39-740	cronobacter	549
427	GCF_002978805.1_ASM297880v1_genomic.fna.gz	NZ_NRNX01000221.1:33-489	cronobacter	549
428	GCF_002978805.1_ASM297880v1_genomic.fna.gz	NZ_NRNX01000035.1:43698-44215	cronobacter	549
429	GCF_002978805.1_ASM297880v1_genomic.fna.gz	NZ_NRNX01000049.1:24990-25317	cronobacter	549
430	GCF_002978805.1_ASM297880v1_genomic.fna.gz	NZ_NRNX01000005.1:34-238	cronobacter	549
431	GCF_002978805.1_ASM297880v1_genomic.fna.gz	NZ_NRNX01000084.1:3510-4271	cronobacter	549
432	GCF_002101495.1_ASM210149v1_genomic.fna.gz	NZ_NCTT01000002.1:504354-504933	cronobacter	83
432	GCF_002101495.1_ASM210149v1_genomic.fna.gz	NZ_NCTT01000002.1:530602-531056	cronobacter	83
432	GCF_002094505.1_ASM209450v1_genomic.fna.gz	NZ_MBRR01000119.1:12-1567	cronobacter	1
433	GCF_002094505.1_ASM209450v1_genomic.fna.gz	NZ_MBRR01000144.1:6038-7898	cronobacter	1
433	GCF_002094505.1_ASM209450v1_genomic.fna.gz	NZ_MBRR01000018.1:34702-35271	cronobacter	1
434	GCF_003207515.1_ASM320751v1_genomic.fna.gz	NZ_QIRO01000007.1:245510-246149	cronobacter	13
434	GCF_003207515.1_ASM320751v1_genomic.fna.gz	NZ_QIRO01000007.1:273161-273983	cronobacter	13
434	GCF_002978475.1_ASM297847v1_genomic.fna.gz	NZ_NRNG01000060.1:16161-18142	cronobacter	11
435	GCF_003207075.1_ASM320707v1_genomic.fna.gz	NZ_QIRZ01000001.1:795628-796511	cronobacter	12
436	GCF_003207075.1_ASM320707v1_genomic.fna.gz	NZ_QIRZ01000001.1:823525-824043	cronobacter	12
436	GCF_003207075.1_ASM320707v1_genomic.fna.gz	NZ_QIRZ01000002.1:76847-77235	cronobacter	12
437	GCF_002977685.1_ASM297768v1_genomic.fna.gz	NZ_NRLQ01000002.1:29-1029	cronobacter	4
438	GCF_002977685.1_ASM297768v1_genomic.fna.gz	NZ_NRLQ01000002.1:27246-27702	cronobacter	4
438	GCF_002977685.1_ASM297768v1_genomic.fna.gz	NZ_NRLQ01000008.1:162996-163635	cronobacter	4
439	GCF_002166945.1_ASM216694v1_genomic.fna.gz	NZ_NHTV01000003.1:201049-203701	cronobacter	64
439	GCF_002166945.1_ASM216694v1_genomic.fna.gz	NZ_NHTV01000003.1:229777-230905	cronobacter	64
440	GCF_002978655.1_ASM297865v1_genomic.fna.gz	NZ_NRNQ01000001.1:801639-804842	cronobacter	570
441	GCF_002978655.1_ASM297865v1_genomic.fna.gz	NZ_NRNQ01000001.1:831044-833881	cronobacter	570
442	GCF_002532205.1_ASM253220v1_genomic.fna.gz	NZ_NITC01000013.1:453268-455397	cronobacter	156
443	GCF_002532205.1_ASM253220v1_genomic.fna.gz	NZ_NITC01000013.1:464106-465694	cronobacter	156
444	GCF_002532205.1_ASM253220v1_genomic.fna.gz	NZ_NITC01000006.1:350937-352187	cronobacter	156
445	GCF_002532205.1_ASM253220v1_genomic.fna.gz	NZ_NITC01000008.1:12838-15795	cronobacter	156
446	GCF_003207345.1_ASM320734v1_genomic.fna.gz	NZ_QISX01000009.1:1245-2067	cronobacter	13
446	GCF_003207345.1_ASM320734v1_genomic.fna.gz	NZ_QISX01000009.1:29079-29718	cronobacter	13
446	GCF_001922925.1_ASM192292v1_genomic.fna.gz	NZ_MSAH01000020.1:104697-105032	cronobacter	4
446	GCF_001922925.1_ASM192292v1_genomic.fna.gz	NZ_MSAH01000020.1:131429-132738	cronobacter	4
447	GCF_000504545.1_ASM50454v1_genomic.fna.gz	NC_023032.1:3148123-3148823	cronobacter	7
448	GCF_000504545.1_ASM50454v1_genomic.fna.gz	NC_023032.1:3174445-3175328	cronobacter	7
449	GCF_001922945.1_ASM192294v1_genomic.fna.gz	NZ_MSAI01000002.1:70624-70757	cronobacter	8
449	GCF_001922945.1_ASM192294v1_genomic.fna.gz	NZ_MSAI01000022.1:153406-154107	cronobacter	8
449	GCF_001922945.1_ASM192294v1_genomic.fna.gz	NZ_MSAI01000032.1:147250-147518	cronobacter	8
449	GCF_001922945.1_ASM192294v1_genomic.fna.gz	NZ_MSAI01000064.1:11281-12225	cronobacter	8
449	GCF_002978995.1_ASM297899v1_genomic.fna.gz	NZ_NROG01000001.1:76775-76984	cronobacter	607
450	GCF_002978995.1_ASM297899v1_genomic.fna.gz	NZ_NROG01000001.1:85455-88247	cronobacter	607
451	GCF_002978995.1_ASM297899v1_genomic.fna.gz	NZ_NROG01000081.1:520871-521937	cronobacter	607
452	GCF_002978995.1_ASM297899v1_genomic.fna.gz	NZ_NROG01000081.1:548163-551000	cronobacter	607
453	GCF_002977155.1_ASM297715v1_genomic.fna.gz	NZ_NRKP01000042.1:18651-19718	cronobacter	64
453	GCF_002977155.1_ASM297715v1_genomic.fna.gz	NZ_NRKP01000008.1:7693-10101	cronobacter	64
454	GCF_000319515.1_ASM31951v1_genomic.fna.gz	NZ_CALB01000097.1:431047-431258	cronobacter	5
455	GCF_003207255.1_ASM320725v1_genomic.fna.gz	NZ_QISO01000006.1:245510-246149	cronobacter	13
455	GCF_003207255.1_ASM320725v1_genomic.fna.gz	NZ_QISO01000006.1:273161-273983	cronobacter	13
455	GCF_001735605.1_ASM173560v1_genomic.fna.gz	NZ_MCOD01000018.1:201034-203259	cronobacter	64
456	GCF_001735605.1_ASM173560v1_genomic.fna.gz	NZ_MCOD01000018.1:229696-230824	cronobacter	64
456	GCF_002075695.1_ASM207569v1_genomic.fna.gz	NZ_MRXP01000001.1:138886-140134	cronobacter	4
456	GCF_002075695.1_ASM207569v1_genomic.fna.gz	NZ_MRXP01000001.1:166532-166867	cronobacter	4
456	GCF_000742405.1_ASM74240v1_genomic.fna.gz	NZ_JPZH01000042.1:412-1040	cronobacter	307
457	GCF_000742405.1_ASM74240v1_genomic.fna.gz	NZ_JPZH01000183.1:158-859	cronobacter	307
458	GCF_000742405.1_ASM74240v1_genomic.fna.gz	NZ_JPZH01000198.1:3966-4477	cronobacter	307
459	GCF_000742405.1_ASM74240v1_genomic.fna.gz	NZ_JPZH01000208.1:2754-3210	cronobacter	307
460	GCF_002075575.1_ASM207557v1_genomic.fna.gz	NZ_MRXJ01000002.1:504200-504656	cronobacter	4
460	GCF_002075575.1_ASM207557v1_genomic.fna.gz	NZ_MRXJ01000002.1:531055-532425	cronobacter	4
460	GCF_002977855.1_ASM297785v1_genomic.fna.gz	NZ_NRLY01000031.1:54869-55193	cronobacter	40
461	GCF_002977855.1_ASM297785v1_genomic.fna.gz	NZ_NRLY01000034.1:46242-46456	cronobacter	40
462	GCF_002977855.1_ASM297785v1_genomic.fna.gz	NZ_NRLY01000005.1:175223-175432	cronobacter	40
462	GCF_002974895.1_ASM297489v1_genomic.fna.gz	NZ_PVDB01000013.1:152529-152863	cronobacter	13
463	GCF_002974895.1_ASM297489v1_genomic.fna.gz	NZ_PVDB01000022.1:1-457	cronobacter	13
464	GCF_002974895.1_ASM297489v1_genomic.fna.gz	NZ_PVDB01000022.1:27465-27980	cronobacter	13
465	GCF_002974935.1_ASM297493v1_genomic.fna.gz	NZ_PVDE01000028.1:1139-1960	cronobacter	13
466	GCF_002974935.1_ASM297493v1_genomic.fna.gz	NZ_PVDE01000028.1:28968-29485	cronobacter	13
467	GCF_002974935.1_ASM297493v1_genomic.fna.gz	NZ_PVDE01000006.1:86-481	cronobacter	13
468	GCF_002071755.1_ASM207175v1_genomic.fna.gz	NZ_MRXI01000002.1:79978-80557	cronobacter	83
468	GCF_002071755.1_ASM207175v1_genomic.fna.gz	NZ_MRXI01000002.1:106226-106680	cronobacter	83
468	GCF_003206965.1_ASM320696v1_genomic.fna.gz	NZ_QIRL01000006.1:245483-246122	cronobacter	13
468	GCF_003206965.1_ASM320696v1_genomic.fna.gz	NZ_QIRL01000006.1:273134-273956	cronobacter	13
468	GCF_002974775.1_ASM297477v1_genomic.fna.gz	NZ_PVCL01000015.1:76301-77709	cronobacter	31
469	GCF_002974775.1_ASM297477v1_genomic.fna.gz	NZ_PVCL01000006.1:244184-245248	cronobacter	31
470	GCF_002974775.1_ASM297477v1_genomic.fna.gz	NZ_PVCL01000006.1:271641-272585	cronobacter	31
471	GCF_002977905.1_ASM297790v1_genomic.fna.gz	NZ_NRMB01000002.1:179773-182913	cronobacter	21
472	GCF_002977905.1_ASM297790v1_genomic.fna.gz	NZ_NRMB01000002.1:209145-210395	cronobacter	21
472	GCF_002977905.1_ASM297790v1_genomic.fna.gz	NZ_NRMB01000008.1:76584-77272	cronobacter	21
473	GCF_003207595.1_ASM320759v1_genomic.fna.gz	NZ_QISC01000007.1:1245-2067	cronobacter	13
473	GCF_003207595.1_ASM320759v1_genomic.fna.gz	NZ_QISC01000007.1:29079-29718	cronobacter	13
473	GCF_002977195.1_ASM297719v1_genomic.fna.gz	NZ_NRKR01000157.1:6001-6392	cronobacter	4
474	GCF_002977195.1_ASM297719v1_genomic.fna.gz	NZ_NRKR01000068.1:16231-16930	cronobacter	4
475	GCF_002094485.1_ASM209448v1_genomic.fna.gz	NZ_MBRQ01000012.1:17621-17889	cronobacter	8
475	GCF_002094485.1_ASM209448v1_genomic.fna.gz	NZ_MBRQ01000144.1:311-1252	cronobacter	8
475	GCF_002094485.1_ASM209448v1_genomic.fna.gz	NZ_MBRQ01000067.1:7428-8129	cronobacter	8
475	GCF_002094485.1_ASM209448v1_genomic.fna.gz	NZ_MBRQ01000072.1:8494-8627	cronobacter	8
475	GCF_001922805.1_ASM192280v1_genomic.fna.gz	NZ_MSAC01000018.1:74073-74895	cronobacter	7
475	GCF_001922805.1_ASM192280v1_genomic.fna.gz	NZ_MSAC01000067.1:32510-33393	cronobacter	7
475	GCF_002976965.1_ASM297696v1_genomic.fna.gz	NZ_NRKF01000111.1:84-208	cronobacter	23
476	GCF_002976965.1_ASM297696v1_genomic.fna.gz	NZ_NRKF01000004.1:105652-106595	cronobacter	23
476	GCF_002976965.1_ASM297696v1_genomic.fna.gz	NZ_NRKF01000004.1:132878-134430	cronobacter	23
476	GCF_002976965.1_ASM297696v1_genomic.fna.gz	NZ_NRKF01000005.1:72207-72340	cronobacter	23
476	GCF_003206905.1_ASM320690v1_genomic.fna.gz	NZ_QIRH01000006.1:1245-2067	cronobacter	13
476	GCF_003206905.1_ASM320690v1_genomic.fna.gz	NZ_QIRH01000006.1:29079-29718	cronobacter	13
476	GCF_001309415.1_ASM130941v1_genomic.fna.gz	NZ_JOLC01000016.1:26153-26609	cronobacter	4
476	GCF_001309415.1_ASM130941v1_genomic.fna.gz	NZ_JOLC01000016.1:53008-54378	cronobacter	4
476	GCF_002974615.1_ASM297461v1_genomic.fna.gz	NZ_PVCO01000010.1:152483-153000	cronobacter	13
476	GCF_002974615.1_ASM297461v1_genomic.fna.gz	NZ_PVCO01000010.1:180011-180771	cronobacter	13
477	GCF_002976695.1_ASM297669v1_genomic.fna.gz	NZ_NRJS01000001.1:196260-197448	cronobacter	587
478	GCF_002976695.1_ASM297669v1_genomic.fna.gz	NZ_NRJS01000001.1:223027-224584	cronobacter	587
479	GCF_002114515.1_ASM211451v1_genomic.fna.gz	NZ_NDXE01000003.1:59331-59787	cronobacter	4
479	GCF_002114515.1_ASM211451v1_genomic.fna.gz	NZ_NDXE01000082.1:32510-33575	cronobacter	4
479	GCF_002114505.1_ASM211450v1_genomic.fna.gz	NZ_NDXD01000049.1:26584-27040	cronobacter	4
479	GCF_002114505.1_ASM211450v1_genomic.fna.gz	NZ_NDXD01000051.1:77-1082	cronobacter	4
480	GCF_002942285.1_ASM294228v1_genomic.fna.gz	NZ_PTON01000010.1:124375-125136	cronobacter	3
481	GCF_002942285.1_ASM294228v1_genomic.fna.gz	NZ_PTON01000010.1:151350-151927	cronobacter	3
482	GCF_002942285.1_ASM294228v1_genomic.fna.gz	NZ_PTON01000007.1:465697-466687	cronobacter	3
482	GCF_002942285.1_ASM294228v1_genomic.fna.gz	NZ_PTON01000007.1:475786-477494	cronobacter	3
483	GCF_002978545.1_ASM297854v1_genomic.fna.gz	NZ_NRNL01000006.1:102630-103513	cronobacter	201
484	GCF_002978545.1_ASM297854v1_genomic.fna.gz	NZ_NRNL01000006.1:130232-130993	cronobacter	201
485	GCF_002942305.1_ASM294230v1_genomic.fna.gz	NZ_PTOS01000002.1:42919-43314	cronobacter	31
486	GCF_002942305.1_ASM294230v1_genomic.fna.gz	NZ_PTOS01000002.1:68195-69381	cronobacter	31
487	GCF_002942305.1_ASM294230v1_genomic.fna.gz	NZ_PTOS01000063.1:5119-6168	cronobacter	31
488	GCF_002974835.1_ASM297483v1_genomic.fna.gz	NZ_PVCP01000005.1:134338-135831	cronobacter	1
488	GCF_002974835.1_ASM297483v1_genomic.fna.gz	NZ_PVCP01000005.1:161868-163728	cronobacter	1
488	GCF_002974835.1_ASM297483v1_genomic.fna.gz	NZ_PVCP01000006.1:190911-191660	cronobacter	1
488	GCF_002532275.1_ASM253227v1_genomic.fna.gz	NZ_NITE01000001.1:449958-450167	cronobacter	642
488	GCF_002532275.1_ASM253227v1_genomic.fna.gz	NZ_NITE01000006.1:106446-107085	cronobacter	642
488	GCF_002200235.1_ASM220023v1_genomic.fna.gz	NZ_NIXM01000005.1:312922-313683	cronobacter	17
489	GCF_002200235.1_ASM220023v1_genomic.fna.gz	NZ_NIXM01000005.1:340168-340806	cronobacter	17
489	GCF_002200235.1_ASM220023v1_genomic.fna.gz	NZ_NIXM01000007.1:452495-453666	cronobacter	17
490	GCF_002200235.1_ASM220023v1_genomic.fna.gz	NZ_NIXM01000007.1:462765-464413	cronobacter	17
491	GCF_002978535.1_ASM297853v1_genomic.fna.gz	NZ_NRNM01000003.1:106-928	cronobacter	7
491	GCF_002978535.1_ASM297853v1_genomic.fna.gz	NZ_NRNM01000003.1:26619-27502	cronobacter	7
491	GCF_002977605.1_ASM297760v1_genomic.fna.gz	NZ_NRLM01000005.1:181310-181889	cronobacter	83
491	GCF_002977605.1_ASM297760v1_genomic.fna.gz	NZ_NRLM01000005.1:207558-208012	cronobacter	83
491	GCF_002107645.1_ASM210764v1_genomic.fna.gz	NZ_NCWC01000113.1:1678-1946	cronobacter	8
492	GCF_002107645.1_ASM210764v1_genomic.fna.gz	NZ_NCWC01000044.1:37122-37255	cronobacter	8
492	GCF_002107645.1_ASM210764v1_genomic.fna.gz	NZ_NCWC01000080.1:25459-25854	cronobacter	8
493	GCF_002075645.1_ASM207564v1_genomic.fna.gz	NZ_MRXN01000010.1:42951-43286	cronobacter	4
493	GCF_002075645.1_ASM207564v1_genomic.fna.gz	NZ_MRXN01000010.1:69684-70932	cronobacter	4
493	GCF_002976855.1_ASM297685v1_genomic.fna.gz	NZ_NRKA01000003.1:351720-351988	cronobacter	8
493	GCF_002976855.1_ASM297685v1_genomic.fna.gz	NZ_NRKA01000004.1:158243-158376	cronobacter	8
493	GCF_002976855.1_ASM297685v1_genomic.fna.gz	NZ_NRKA01000005.1:42129-43252	cronobacter	8
494	GCF_002976855.1_ASM297685v1_genomic.fna.gz	NZ_NRKA01000005.1:69416-69934	cronobacter	8
495	GCF_002977995.1_ASM297799v1_genomic.fna.gz	NZ_NRME01000005.1:193248-194557	cronobacter	4
495	GCF_002977995.1_ASM297799v1_genomic.fna.gz	NZ_NRME01000005.1:220955-221411	cronobacter	4
495	GCF_002094575.1_ASM209457v1_genomic.fna.gz	NZ_MBRS01000106.1:5983-7843	cronobacter	1
495	GCF_002094575.1_ASM209457v1_genomic.fna.gz	NZ_MBRS01000038.1:18560-20175	cronobacter	1
496	GCF_002094575.1_ASM209457v1_genomic.fna.gz	NZ_MBRS01000005.1:53637-54386	cronobacter	1
496	GCF_002977315.1_ASM297731v1_genomic.fna.gz	NZ_NRKX01000016.1:76503-76712	cronobacter	40
496	GCF_002977315.1_ASM297731v1_genomic.fna.gz	NZ_NRKX01000006.1:96416-96994	cronobacter	40
497	GCF_000982825.1_ASM98282v1_genomic.fna.gz	NZ_CP011047.1:129532-129800	cronobacter	8
497	GCF_000982825.1_ASM98282v1_genomic.fna.gz	NZ_CP011047.1:1571594-1571727	cronobacter	8
497	GCF_000982825.1_ASM98282v1_genomic.fna.gz	NZ_CP011047.1:4280983-4281439	cronobacter	8
498	GCF_001619915.1_ASM161991v1_genomic.fna.gz	NZ_LQQM01000002.1:14289-14557	cronobacter	38
499	GCF_001619915.1_ASM161991v1_genomic.fna.gz	NZ_LQQM01000012.1:794823-796133	cronobacter	38
500	GCF_001619915.1_ASM161991v1_genomic.fna.gz	NZ_LQQM01000012.1:822538-825068	cronobacter	38
501	GCF_002101425.1_ASM210142v1_genomic.fna.gz	NZ_NCTS01000001.1:194939-195395	cronobacter	83
501	GCF_002101425.1_ASM210142v1_genomic.fna.gz	NZ_NCTS01000001.1:220884-221463	cronobacter	83
501	GCF_002075435.1_ASM207543v1_genomic.fna.gz	NZ_MRXD01000023.1:15886-16019	cronobacter	8
501	GCF_002075435.1_ASM207543v1_genomic.fna.gz	NZ_MRXD01000037.1:141093-141794	cronobacter	8
501	GCF_002075435.1_ASM207543v1_genomic.fna.gz	NZ_MRXD01000037.1:167961-168905	cronobacter	8
501	GCF_002075435.1_ASM207543v1_genomic.fna.gz	NZ_MRXD01000007.1:163042-163310	cronobacter	8
501	GCF_000467775.2_CsakCC4_8399_1.0_genomic.fna.gz	NZ_AWSP01000032.1:165530-166839	cronobacter	4
501	GCF_000467775.2_CsakCC4_8399_1.0_genomic.fna.gz	NZ_AWSP01000032.1:193237-193693	cronobacter	4
501	GCF_003207455.1_ASM320745v1_genomic.fna.gz	NZ_QITF01000026.1:61-578	cronobacter	13
501	GCF_002094755.1_ASM209475v1_genomic.fna.gz	NZ_MBSC01000007.1:102002-104654	cronobacter	64
502	GCF_002094755.1_ASM209475v1_genomic.fna.gz	NZ_MBSC01000007.1:131090-131730	cronobacter	64
503	GCF_002942165.1_ASM294216v1_genomic.fna.gz	NZ_PTOV01000001.1:58113-58862	cronobacter	1
503	GCF_002942165.1_ASM294216v1_genomic.fna.gz	NZ_PTOV01000016.1:134334-135827	cronobacter	1
503	GCF_002942165.1_ASM294216v1_genomic.fna.gz	NZ_PTOV01000021.1:18664-20524	cronobacter	1
503	GCF_002978385.1_ASM297838v1_genomic.fna.gz	NZ_NRNC01000008.1:5751-6512	cronobacter	201
504	GCF_002978385.1_ASM297838v1_genomic.fna.gz	NZ_NRNC01000008.1:33231-34114	cronobacter	201
504	GCF_003207275.1_ASM320727v1_genomic.fna.gz	NZ_QISQ01000001.1:770710-772570	cronobacter	1
505	GCF_003207275.1_ASM320727v1_genomic.fna.gz	NZ_QISQ01000001.1:798787-800219	cronobacter	1
506	GCF_003207275.1_ASM320727v1_genomic.fna.gz	NZ_QISQ01000004.1:76577-77206	cronobacter	1
507	GCF_002101505.1_ASM210150v1_genomic.fna.gz	NZ_NCTO01000001.1:164602-165058	cronobacter	83
507	GCF_002101505.1_ASM210150v1_genomic.fna.gz	NZ_NCTO01000001.1:190727-191306	cronobacter	83
507	GCF_001309135.1_ASM130913v1_genomic.fna.gz	NZ_JOLM01000005.1:1478441-1478897	cronobacter	4
507	GCF_001309135.1_ASM130913v1_genomic.fna.gz	NZ_JOLM01000005.1:1505296-1506666	cronobacter	4
507	GCF_002199095.1_ASM219909v1_genomic.fna.gz	NZ_NHQR01000010.1:5976-8628	cronobacter	64
507	GCF_002199095.1_ASM219909v1_genomic.fna.gz	NZ_NHQR01000004.1:590325-591453	cronobacter	64
507	GCF_002532455.1_ASM253245v1_genomic.fna.gz	NZ_NITN01000013.1:22315-25394	cronobacter	21
508	GCF_002532455.1_ASM253245v1_genomic.fna.gz	NZ_NITN01000020.1:14994-16522	cronobacter	21
508	GCF_002532455.1_ASM253245v1_genomic.fna.gz	NZ_NITN01000020.1:25231-27360	cronobacter	21
508	GCF_002532455.1_ASM253245v1_genomic.fna.gz	NZ_NITN01000006.1:45936-46270	cronobacter	21
509	GCF_002532455.1_ASM253245v1_genomic.fna.gz	NZ_NITN01000075.1:32523-32674	cronobacter	21
510	GCF_002974425.1_ASM297442v1_genomic.fna.gz	NZ_PVCB01000003.1:86235-86997	cronobacter	226
510	GCF_002974425.1_ASM297442v1_genomic.fna.gz	NZ_PVCB01000003.1:113163-114107	cronobacter	226
510	GCF_002974425.1_ASM297442v1_genomic.fna.gz	NZ_PVCB01000032.1:67884-68152	cronobacter	226
510	GCF_002199045.1_ASM219904v1_genomic.fna.gz	NZ_NHQO01000024.1:46141-48793	cronobacter	64
510	GCF_002199045.1_ASM219904v1_genomic.fna.gz	NZ_NHQO01000024.1:75229-76357	cronobacter	64
510	GCF_002977005.1_ASM297700v1_genomic.fna.gz	NZ_NRKI01000001.1:147741-149295	cronobacter	64
510	GCF_002977005.1_ASM297700v1_genomic.fna.gz	NZ_NRKI01000001.1:175731-176493	cronobacter	64
510	GCF_003207635.1_ASM320763v1_genomic.fna.gz	NZ_QISI01000007.1:245385-246024	cronobacter	13
510	GCF_003207635.1_ASM320763v1_genomic.fna.gz	NZ_QISI01000007.1:273036-273858	cronobacter	13
510	GCF_003858335.1_ASM385833v1_genomic.fna.gz	NZ_PQJM01000002.1:86156-86856	cronobacter	73
511	GCF_003858335.1_ASM385833v1_genomic.fna.gz	NZ_PQJM01000002.1:113862-114379	cronobacter	73
512	GCF_001971115.1_ASM197111v1_genomic.fna.gz	NZ_JNBG01000026.1:16828-17284	cronobacter	4
512	GCF_001971115.1_ASM197111v1_genomic.fna.gz	NZ_JNBG01000178.1:1205-1783	cronobacter	4
513	GCF_001971115.1_ASM197111v1_genomic.fna.gz	NZ_JNBG01000191.1:11-406	cronobacter	4
514	GCF_001277215.2_ASM127721v2_genomic.fna.gz	NZ_CP013940.1:2998942-2999764	cronobacter	7
514	GCF_001277215.2_ASM127721v2_genomic.fna.gz	NZ_CP013940.1:3026483-3027061	cronobacter	7
514	GCF_000684935.1_ASM68493v1_genomic.fna.gz	NZ_BAWU01000059.1:20205-20661	cronobacter	8
514	GCF_000684935.1_ASM68493v1_genomic.fna.gz	NZ_BAWU01000023.1:70463-70596	cronobacter	8
514	GCF_000684935.1_ASM68493v1_genomic.fna.gz	NZ_BAWU01000018.1:76264-76532	cronobacter	8
514	GCF_002942405.1_ASM294240v1_genomic.fna.gz	NZ_PTPC01000001.1:115751-116939	cronobacter	148
514	GCF_002942405.1_ASM294240v1_genomic.fna.gz	NZ_PTPC01000001.1:142952-143650	cronobacter	148
514	GCF_002942405.1_ASM294240v1_genomic.fna.gz	NZ_PTPC01000003.1:449780-450349	cronobacter	148
514	GCF_002942405.1_ASM294240v1_genomic.fna.gz	NZ_PTPC01000003.1:459059-461729	cronobacter	148
514	GCF_002976595.1_ASM297659v1_genomic.fna.gz	NZ_NRJN01000005.1:151942-152459	cronobacter	395
515	GCF_002976595.1_ASM297659v1_genomic.fna.gz	NZ_NRJN01000005.1:178625-179752	cronobacter	395
516	GCF_002976595.1_ASM297659v1_genomic.fna.gz	NZ_NRJN01000007.1:76558-77247	cronobacter	395
517	GCF_002976595.1_ASM297659v1_genomic.fna.gz	NZ_NRJN01000007.1:85887-87117	cronobacter	395
518	GCF_002107895.1_ASM210789v1_genomic.fna.gz	NZ_NCWJ01000001.1:100965-101421	cronobacter	4
518	GCF_002107895.1_ASM210789v1_genomic.fna.gz	NZ_NCWJ01000046.1:14808-16056	cronobacter	4
518	GCF_002978035.1_ASM297803v1_genomic.fna.gz	NZ_NRMH01000010.1:14217-14350	cronobacter	8
518	GCF_002978035.1_ASM297803v1_genomic.fna.gz	NZ_NRMH01000013.1:76562-76830	cronobacter	8
518	GCF_002978035.1_ASM297803v1_genomic.fna.gz	NZ_NRMH01000007.1:19094-19551	cronobacter	8
519	GCF_002101515.1_ASM210151v1_genomic.fna.gz	NZ_NCTP01000015.1:195202-195658	cronobacter	83
519	GCF_002101515.1_ASM210151v1_genomic.fna.gz	NZ_NCTP01000015.1:221327-221906	cronobacter	83
519	GCF_002107755.1_ASM210775v1_genomic.fna.gz	NZ_NCWI01000017.1:70618-71257	cronobacter	4
520	GCF_002107755.1_ASM210775v1_genomic.fna.gz	NZ_NCWI01000037.1:42-498	cronobacter	4
520	GCF_002107755.1_ASM210775v1_genomic.fna.gz	NZ_NCWI01000069.1:29-665	cronobacter	4
521	GCF_002942385.1_ASM294238v1_genomic.fna.gz	NZ_PTPB01000009.1:14310-15059	cronobacter	1
521	GCF_002942385.1_ASM294238v1_genomic.fna.gz	NZ_PTPB01000010.1:41651-43511	cronobacter	1
521	GCF_002942385.1_ASM294238v1_genomic.fna.gz	NZ_PTPB01000010.1:69728-71221	cronobacter	1
521	GCF_002094635.1_ASM209463v1_genomic.fna.gz	NZ_MBRW01000001.1:37209-37342	cronobacter	8
521	GCF_002094635.1_ASM209463v1_genomic.fna.gz	NZ_MBRW01000162.1:1159-1860	cronobacter	8
521	GCF_002094635.1_ASM209463v1_genomic.fna.gz	NZ_MBRW01000197.1:7029-7851	cronobacter	8
522	GCF_002094635.1_ASM209463v1_genomic.fna.gz	NZ_MBRW01000289.1:4388-4656	cronobacter	8
522	GCF_002075535.1_ASM207553v1_genomic.fna.gz	NZ_MRXH01000012.1:86804-87260	cronobacter	4
522	GCF_002075535.1_ASM207553v1_genomic.fna.gz	NZ_MRXH01000012.1:113659-115029	cronobacter	4
522	GCF_002075415.1_ASM207541v1_genomic.fna.gz	NZ_MRWZ01000022.1:15018-16083	cronobacter	4
523	GCF_002075415.1_ASM207541v1_genomic.fna.gz	NZ_MRWZ01000032.1:11391-11847	cronobacter	4
523	GCF_001922875.1_ASM192287v1_genomic.fna.gz	NZ_MSAF01000050.1:2649-4141	cronobacter	60
524	GCF_001922875.1_ASM192287v1_genomic.fna.gz	NZ_MSAF01000050.1:30855-31922	cronobacter	60
524	GCF_001922875.1_ASM192287v1_genomic.fna.gz	NZ_MSAF01000006.1:437-704	cronobacter	60
525	GCF_002094665.1_ASM209466v1_genomic.fna.gz	NZ_MBRY01000140.1:1355-1624	cronobacter	287
526	GCF_002094665.1_ASM209466v1_genomic.fna.gz	NZ_MBRY01000007.1:81598-82724	cronobacter	287
527	GCF_002942365.1_ASM294236v1_genomic.fna.gz	NZ_PTOZ01000004.1:76630-77379	cronobacter	1
527	GCF_002942365.1_ASM294236v1_genomic.fna.gz	NZ_PTOZ01000009.1:156176-157852	cronobacter	1
527	GCF_002942365.1_ASM294236v1_genomic.fna.gz	NZ_PTOZ01000009.1:184069-185929	cronobacter	1
527	GCF_003062265.1_ASM306226v1_genomic.fna.gz	NZ_PTOX01000002.1:202913-204772	cronobacter	83
528	GCF_003062265.1_ASM306226v1_genomic.fna.gz	NZ_PTOX01000002.1:230441-231997	cronobacter	83
529	GCF_002976915.1_ASM297691v1_genomic.fna.gz	NZ_NRKD01000011.1:116540-116813	cronobacter	219
530	GCF_002976915.1_ASM297691v1_genomic.fna.gz	NZ_NRKD01000030.1:44689-44840	cronobacter	219
531	GCF_002976915.1_ASM297691v1_genomic.fna.gz	NZ_NRKD01000047.1:35-248	cronobacter	219
532	GCF_000409265.1_Csak_2151_final_contigs_genomic.fna.gz	NZ_AJKT01000025.1:90502-91872	cronobacter	4
532	GCF_000409265.1_Csak_2151_final_contigs_genomic.fna.gz	NZ_AJKT01000025.1:118271-118727	cronobacter	4
532	GCF_002977375.1_ASM297737v1_genomic.fna.gz	NZ_NRLA01000005.1:181310-181889	cronobacter	83
532	GCF_002977375.1_ASM297737v1_genomic.fna.gz	NZ_NRLA01000005.1:207558-208012	cronobacter	83
532	GCF_002532465.1_ASM253246v1_genomic.fna.gz	NZ_NITR01000069.1:11481-12607	cronobacter	643
533	GCF_002532465.1_ASM253246v1_genomic.fna.gz	NZ_NITR01000007.1:85896-86596	cronobacter	643
533	GCF_002977435.1_ASM297743v1_genomic.fna.gz	NZ_NRLD01000002.1:198645-199406	cronobacter	475
534	GCF_002977435.1_ASM297743v1_genomic.fna.gz	NZ_NRLD01000002.1:226406-227659	cronobacter	475
535	GCF_002977435.1_ASM297743v1_genomic.fna.gz	NZ_NRLD01000004.1:452687-453255	cronobacter	475
535	GCF_002532515.2_ASM253251v2_genomic.fna.gz	NZ_NITO02000010.1:451565-452314	cronobacter	1
535	GCF_002532515.2_ASM253251v2_genomic.fna.gz	NZ_NITO02000022.1:51-995	cronobacter	1
536	GCF_002976615.1_ASM297661v1_genomic.fna.gz	NZ_NRJP01000001.1:201102-203877	cronobacter	446
537	GCF_002976615.1_ASM297661v1_genomic.fna.gz	NZ_NRJP01000001.1:230180-231124	cronobacter	446
538	GCF_002976615.1_ASM297661v1_genomic.fna.gz	NZ_NRJP01000004.1:76678-76886	cronobacter	446
539	GCF_002978375.1_ASM297837v1_genomic.fna.gz	NZ_NRNE01000001.1:195910-197402	cronobacter	60
539	GCF_002978375.1_ASM297837v1_genomic.fna.gz	NZ_NRNE01000001.1:224116-225183	cronobacter	60
539	GCF_002978375.1_ASM297837v1_genomic.fna.gz	NZ_NRNE01000006.1:133267-133534	cronobacter	60
539	GCF_002198995.1_ASM219899v1_genomic.fna.gz	NZ_NEYH01000040.1:20204-21332	cronobacter	64
539	GCF_002198995.1_ASM219899v1_genomic.fna.gz	NZ_NEYH01000055.1:31330-33982	cronobacter	64
539	GCF_002976895.1_ASM297689v1_genomic.fna.gz	NZ_NRKC01000018.1:162-1210	cronobacter	148
540	GCF_002976895.1_ASM297689v1_genomic.fna.gz	NZ_NRKC01000004.1:194806-195504	cronobacter	148
540	GCF_002976895.1_ASM297689v1_genomic.fna.gz	NZ_NRKC01000004.1:221516-222704	cronobacter	148
541	GCF_003207135.1_ASM320713v1_genomic.fna.gz	NZ_QISG01000005.1:27572-28761	cronobacter	21
542	GCF_003207135.1_ASM320713v1_genomic.fna.gz	NZ_QISG01000005.1:54989-58128	cronobacter	21
543	GCF_001309375.1_ASM130937v1_genomic.fna.gz	NZ_JOLY01000003.1:167476-167994	cronobacter	12
543	GCF_001309375.1_ASM130937v1_genomic.fna.gz	NZ_JOLY01000003.1:195008-195708	cronobacter	12
543	GCF_001309375.1_ASM130937v1_genomic.fna.gz	NZ_JOLY01000025.1:76751-77139	cronobacter	12
543	GCF_002532395.1_ASM253239v1_genomic.fna.gz	NZ_NITJ01000001.1:182375-183502	cronobacter	136
544	GCF_002532395.1_ASM253239v1_genomic.fna.gz	NZ_NITJ01000001.1:209605-209999	cronobacter	136
544	GCF_000878475.1_CFSAN001453_01.0_genomic.fna.gz	NZ_JXTD01000007.1:50654-51282	cronobacter	307
545	GCF_000878475.1_CFSAN001453_01.0_genomic.fna.gz	NZ_JXTD01000007.1:59932-60443	cronobacter	307
545	GCF_000878475.1_CFSAN001453_01.0_genomic.fna.gz	NZ_JXTD01000018.1:2384-2840	cronobacter	307
546	GCF_000878475.1_CFSAN001453_01.0_genomic.fna.gz	NZ_JXTD01000053.1:24378-24652	cronobacter	307
547	GCF_003858325.1_ASM385832v1_genomic.fna.gz	NZ_PQJO01000060.1:15021-16391	cronobacter	4
548	GCF_003858325.1_ASM385832v1_genomic.fna.gz	NZ_PQJO01000084.1:5861-6069	cronobacter	4
549	GCF_003795605.1_ASM379560v1_genomic.fna.gz	NZ_PQJL01000001.1:187185-188435	cronobacter	567
549	GCF_003795605.1_ASM379560v1_genomic.fna.gz	NZ_PQJL01000001.1:215125-216070	cronobacter	567
549	GCF_002942185.1_ASM294218v1_genomic.fna.gz	NZ_PTPA01000015.1:210683-210816	cronobacter	23
549	GCF_002942185.1_ASM294218v1_genomic.fna.gz	NZ_PTPA01000024.1:91503-92324	cronobacter	23
550	GCF_002942185.1_ASM294218v1_genomic.fna.gz	NZ_PTPA01000024.1:118361-119120	cronobacter	23
551	GCF_002107765.1_ASM210776v1_genomic.fna.gz	NZ_NCWL01000049.1:86272-87581	cronobacter	4
551	GCF_002107765.1_ASM210776v1_genomic.fna.gz	NZ_NCWL01000049.1:113979-114435	cronobacter	4
551	GCF_003206435.1_ASM320643v1_genomic.fna.gz	NZ_QISB01000006.1:1221-2043	cronobacter	13
551	GCF_003206435.1_ASM320643v1_genomic.fna.gz	NZ_QISB01000006.1:29055-29694	cronobacter	13
551	GCF_002107855.1_ASM210785v1_genomic.fna.gz	NZ_NCWP01000145.1:49-746	cronobacter	4
552	GCF_002107855.1_ASM210785v1_genomic.fna.gz	NZ_NCWP01000146.1:45967-46423	cronobacter	4
552	GCF_002107855.1_ASM210785v1_genomic.fna.gz	NZ_NCWP01000257.1:30-669	cronobacter	4
553	GCF_002976835.1_ASM297683v1_genomic.fna.gz	NZ_NRJZ01000015.1:27021-27229	cronobacter	446
553	GCF_002976835.1_ASM297683v1_genomic.fna.gz	NZ_NRJZ01000017.1:35-1039	cronobacter	446
554	GCF_002976835.1_ASM297683v1_genomic.fna.gz	NZ_NRJZ01000022.1:22-539	cronobacter	446
555	GCF_002976835.1_ASM297683v1_genomic.fna.gz	NZ_NRJZ01000022.1:26841-28087	cronobacter	446
556	GCF_002976835.1_ASM297683v1_genomic.fna.gz	NZ_NRJZ01000006.1:40-313	cronobacter	446
557	GCF_003313525.1_ASM331352v1_genomic.fna.gz	NZ_QIRG01000006.1:1245-2067	cronobacter	13
557	GCF_003313525.1_ASM331352v1_genomic.fna.gz	NZ_QIRG01000006.1:29079-29718	cronobacter	13
557	GCF_002978085.1_ASM297808v1_genomic.fna.gz	NZ_NRML01000007.1:199797-200925	cronobacter	64
558	GCF_002978085.1_ASM297808v1_genomic.fna.gz	NZ_NRML01000008.1:147381-150277	cronobacter	64
559	GCF_002532315.1_ASM253231v1_genomic.fna.gz	NZ_NITF01000005.1:247210-248561	cronobacter	143
560	GCF_002532315.1_ASM253231v1_genomic.fna.gz	NZ_NITF01000005.1:257660-258168	cronobacter	143
561	GCF_002532315.1_ASM253231v1_genomic.fna.gz	NZ_NITF01000008.1:241749-242571	cronobacter	143
562	GCF_002532315.1_ASM253231v1_genomic.fna.gz	NZ_NITF01000008.1:269450-270396	cronobacter	143
563	GCF_002977575.1_ASM297757v1_genomic.fna.gz	NZ_NRLJ01000105.1:15-1181	cronobacter	148
564	GCF_002977575.1_ASM297757v1_genomic.fna.gz	NZ_NRLJ01000023.1:30-298	cronobacter	148
565	GCF_002977575.1_ASM297757v1_genomic.fna.gz	NZ_NRLJ01000049.1:13-1121	cronobacter	148
566	GCF_002977575.1_ASM297757v1_genomic.fna.gz	NZ_NRLJ01000067.1:34-182	cronobacter	148
566	GCF_002977575.1_ASM297757v1_genomic.fna.gz	NZ_NRLJ01000067.1:8892-9281	cronobacter	148
567	GCF_002977575.1_ASM297757v1_genomic.fna.gz	NZ_NRLJ01000009.1:47153-47790	cronobacter	148
568	GCF_002977575.1_ASM297757v1_genomic.fna.gz	NZ_NRLJ01000009.1:73624-74812	cronobacter	148
568	GCF_002978245.1_ASM297824v1_genomic.fna.gz	NZ_NRMR01000004.1:100298-100815	cronobacter	60
569	GCF_002978245.1_ASM297824v1_genomic.fna.gz	NZ_NRMR01000004.1:127529-129021	cronobacter	60
569	GCF_002974695.1_ASM297469v1_genomic.fna.gz	NZ_PVCT01000012.1:76474-77345	cronobacter	22
570	GCF_002974695.1_ASM297469v1_genomic.fna.gz	NZ_PVCT01000012.1:86055-86625	cronobacter	22
571	GCF_002974695.1_ASM297469v1_genomic.fna.gz	NZ_PVCT01000013.1:90661-92214	cronobacter	22
572	GCF_002974695.1_ASM297469v1_genomic.fna.gz	NZ_PVCT01000013.1:118611-119738	cronobacter	22
573	GCF_002532485.1_ASM253248v1_genomic.fna.gz	NZ_NITP01000016.1:90802-92233	cronobacter	4
573	GCF_002532485.1_ASM253248v1_genomic.fna.gz	NZ_NITP01000016.1:118631-119087	cronobacter	4
573	GCF_002974755.1_ASM297475v1_genomic.fna.gz	NZ_PVCI01000014.1:5839-8491	cronobacter	64
573	GCF_002974755.1_ASM297475v1_genomic.fna.gz	NZ_PVCI01000007.1:20427-21494	cronobacter	64
573	GCF_002942105.1_ASM294210v1_genomic.fna.gz	NZ_PTOT01000004.1:134323-135999	cronobacter	1
573	GCF_002942105.1_ASM294210v1_genomic.fna.gz	NZ_PTOT01000005.1:20156-21650	cronobacter	1
574	GCF_002942105.1_ASM294210v1_genomic.fna.gz	NZ_PTOT01000011.1:76625-77374	cronobacter	1
574	GCF_002983535.1_ASM298353v1_genomic.fna.gz	NZ_NRMY01000001.1:195779-197271	cronobacter	60
574	GCF_002983535.1_ASM298353v1_genomic.fna.gz	NZ_NRMY01000001.1:223985-225052	cronobacter	60
574	GCF_002983535.1_ASM298353v1_genomic.fna.gz	NZ_NRMY01000005.1:133267-133534	cronobacter	60
574	GCF_002976645.1_ASM297664v1_genomic.fna.gz	NZ_NRJO01000001.1:518796-519924	cronobacter	64
574	GCF_002976645.1_ASM297664v1_genomic.fna.gz	NZ_NRJO01000001.1:546359-549072	cronobacter	64
575	GCF_001309345.1_ASM130934v1_genomic.fna.gz	NZ_JOLX01000009.1:33917-34434	cronobacter	13
575	GCF_001309345.1_ASM130934v1_genomic.fna.gz	NZ_JOLX01000009.1:61446-62390	cronobacter	13
575	GCF_002075735.1_ASM207573v1_genomic.fna.gz	NZ_MRXU01000004.1:80021-80477	cronobacter	4
575	GCF_002075735.1_ASM207573v1_genomic.fna.gz	NZ_MRXU01000004.1:106875-108184	cronobacter	4
575	GCF_002977595.1_ASM297759v1_genomic.fna.gz	NZ_NRLL01000003.1:448449-448657	cronobacter	148
576	GCF_002977595.1_ASM297759v1_genomic.fna.gz	NZ_NRLL01000034.1:17323-17711	cronobacter	148
577	GCF_002977595.1_ASM297759v1_genomic.fna.gz	NZ_NRLL01000004.1:1-390	cronobacter	148
578	GCF_002977595.1_ASM297759v1_genomic.fna.gz	NZ_NRLL01000004.1:26222-27411	cronobacter	148
579	GCF_002075555.1_ASM207555v1_genomic.fna.gz	NZ_MRXF01000011.1:15167-15929	cronobacter	221
580	GCF_002075555.1_ASM207555v1_genomic.fna.gz	NZ_MRXF01000011.1:42096-42796	cronobacter	221
581	GCF_002075555.1_ASM207555v1_genomic.fna.gz	NZ_MRXF01000052.1:15035-15303	cronobacter	221
581	GCF_002974735.1_ASM297473v1_genomic.fna.gz	NZ_PVBY01000010.1:37122-37255	cronobacter	226
581	GCF_002974735.1_ASM297473v1_genomic.fna.gz	NZ_PVBY01000003.1:195212-195974	cronobacter	226
581	GCF_002974735.1_ASM297473v1_genomic.fna.gz	NZ_PVBY01000003.1:222141-223085	cronobacter	226
581	GCF_002974735.1_ASM297473v1_genomic.fna.gz	NZ_PVBY01000006.1:76597-76865	cronobacter	226
581	GCF_002978955.1_ASM297895v1_genomic.fna.gz	NZ_NROF01000018.1:51-199	cronobacter	607
582	GCF_002978955.1_ASM297895v1_genomic.fna.gz	NZ_NROF01000019.1:8664-8870	cronobacter	607
583	GCF_002198925.1_ASM219892v1_genomic.fna.gz	NZ_NEXZ01000020.1:114651-115413	cronobacter	64
584	GCF_002198925.1_ASM219892v1_genomic.fna.gz	NZ_NEXZ01000034.1:90361-93013	cronobacter	64
585	GCF_002974595.1_ASM297459v1_genomic.fna.gz	NZ_PVCN01000006.1:115751-116939	cronobacter	148
585	GCF_002974595.1_ASM297459v1_genomic.fna.gz	NZ_PVCN01000006.1:142952-143650	cronobacter	148
585	GCF_002974595.1_ASM297459v1_genomic.fna.gz	NZ_PVCN01000007.1:76345-79015	cronobacter	148
585	GCF_002974595.1_ASM297459v1_genomic.fna.gz	NZ_PVCN01000007.1:87725-88294	cronobacter	148
